id,sinner,identity,grade,min_speed,max_speed,hp_coeffic,hp_const,atk1Lv,atk2Lv,atk3Lv,atkDLv,atkLv_mean,defLv,skill1_type,skill1_sin,skill1_coin,skill2_type_,skill2_sin,skill2_coin,skill3_type,skill3_sin,skill3_coin,slash_coinCnt,pierce_coinCnt,blunt_coinCnt,def_type,def_sin,simpSinCnt_wrath,simpSinCnt_lust,simpSinCnt_sloth,simpSinCnt_gluttony,simpSinCnt_gloom,simpSinCnt_pride,simpSinCnt_envy,sinCnt_wrath,sinCnt_lust,sinCnt_sloth,sinCnt_gluttony,sinCnt_gloom,sinCnt_pride,sinCnt_envy,resist_slash,resist_pierce,resist_blunt,burn,burn_cnt,bleed,bleed_cnt,tremor,tremor_cnt,tremor_burst,amplitude_conversion,amplitude_entangle,tremor_selfCnt,rupture,rupture_cnt,sinking,sinking_cnt,poise,poise_cnt,poise_give,poise_cnt_give,charge,charge_cnt,charge_barrier,discard,special_keyword,atkWeight,aggro,haste,bind,protect,fragile,paralyze,power_up,power_down,Pcoin_drop,offLv_up,offLv_down,defLv_up,defLv_down,damage_up,damage_down,battlePassive_sin,battlePassive_sinCnt,battlePassive_type,battlePassive,supportPassive_sin,supportPassive_sinCnt,supportPassive_type,supportPassive,etc,info
101003,이상,검계 살수,∅∅∅,3,7,2.28,66,5,5,5,5,5,-4,참격,오만,1,참격,분노,2,참격,질투,3,6,0,0,참격,오만,1.3,0,0,0,0,1,0.7,2,0,0,0,0,3,1,내성,취약,보통,,,,,,,,,,,,,,,1,1,,,,,,,,,,,,,,,,,,,,,,,,오만,4,보유,합 승리 시 호흡 횟수 1 증가,오만,3,보유,정신력이 가장 높은 아군 1명 스킬 효과로 얻는 호흡 횟수 +1,,https://baslimbus.info/identity/78
101004,이상,개화 E.G.O::동백,∅∅∅,3,7,2.28,66,4,3,5,-2,3.8,-4,관통,탐식,3,타격,나태,3,관통,오만,3,0,6,3,회피,,0,0,1.3,1,0,0.7,0,0,0,2,3,0,1,0,보통,내성,취약,,,,,,,,,,1,,,12.5,8,,,,,,,,,침잠쇄도,4,,,,,,,,,,,,,,,,나태,4,보유,2명 이상을 공격할 때 피해량 +30%,나태,3,공명,정신력이 가장 낮은 아군 1명이 2명 이상을 공격할 때 피해량 +10%,,https://baslimbus.info/identity/79
101006,이상,W사 3등급 정리 요원,∅∅∅,3,7,2.73,79,3,3,5,0,3.3,-2,참격,나태,1,관통,탐식,2,관통,우울,3,1,5,0,회피,,0,0,1,1.3,0.7,0,0,0,0,3,2,1,0,0,보통,내성,취약,,,,,,,,,,,26,2,,,,,,,,1,,,,,,,2,,,,,,,,,,,,,탐식,4,보유,"턴 종료 시 충전 횟수 5 당 다음 턴에 신속 1 얻음(최대 2). 자신이 스킬로 충전 횟수 소모 시, 현재 체력 비율이 가장 낮은 아군 1명에게 충전 역장 3 부여",탐식,4,보유,"충전 횟수가 가장 높은 아군 1명 파열이 있는 대상에게 가하는 피해량이 대상의 파열에 비례해 증가 (파열 1 당 1.5%, 최대 15%)",,https://baslimbus.info/identity/81
101009,이상,약지 점묘파 스튜던트,∅∅∅,3,7,2.4,70,3,3,3,1,3,-2,관통,우울,3,관통,색욕,1,관통,나태,4,0,8,0,방어,,0,1.3,0.7,0,1,0,0,0,2,1,0,3,0,0,보통,내성,취약,4,21,13,28,4,21,,,,,4,21,4,21,,,,,,,,,,,,,,,,,,,,,,,,,,색욕,4,보유,적중시 대상의 출혈이 6 이상이라면 정신력 2 회복. 대상이 보유한 부정적인 효과 1개당 정신력 1 추가 회복(최대 3). 이미 정신력이 최대인 경우 다음 턴에 공격 레벨 증가 1 얻음. (턴 당 발동 횟수 최대 4회),색욕,4,보유,정신력이 가장 낮은 아군 공격 적중 시 대상이 보유한 부정적 효과 1개당 정신력 2 회복(최대 6). (턴 당 발동 횟수 최대 2회),,https://baslimbus.info/identity/100
101002,이상,남부 세븐 협회 6과,∅∅,5,8,2.82,82,0,0,0,2,0,2,관통,우울,1,관통,탐식,2,타격,나태,3,0,3,3,방어,,0,0,0.7,1.3,1,0,0,0,0,1,2,3,0,0,보통,내성,취약,,,,,,,,,,,6,,,,,,,,,,,,,,,,,,5,6,,,,,,,,,,탐식,4,공명,합 진행 시 대상의 합 위력 -2,탐식,3,공명,최대 체력이 가장 높은 아군 1명 합 위력 +1,,https://baslimbus.info/identity/77
101005,이상,어금니 사무소 해결사,∅∅,4,7,2.51,73,-2,2,5,0,0.5,-2,관통,색욕,2,타격,나태,1,타격,분노,3,0,2,4,방어,,1,0.6,1.4,0,0,0,0,0.9,1.9,3.3,0,0,0,0,내성,취약,보통,,,,,4,10,4,,,1,,,,,,,,,,,,1,,,,,,,,,,,,,,,2,,,나태,3,보유,적에게 진동 폭발 시 입히는 흐트러짐 손상 4 당 방어 레벨 감소 1 부여 (턴마다 적 하나 당 최대 5),나태,3,보유,최대 체력이 가장 낮은 아군 1명이 적에게 진동 폭발 시 입히는 흐트러짐 손상 4 당 다음 턴에 방어 레벨 감소 1 부여 (턴마다 적 하나 당 최대 3),,https://baslimbus.info/identity/80
101007,이상,피쿼드호 일등 항해사,∅∅,4,7,2.39,69,2,2,2,-3,2,-3,관통,오만,2,관통,질투,2,관통,탐식,2,0,6,0,회피,,0,0,0,0.7,0,1,1.3,0,0,0,1,0,3,2,취약,내성,보통,,,14,4,,,,,,,,,,,1,1,,,,,,,,,,,3,,,,,,,,,,,,,오만,4,보유,크리티컬 적중 시 스킬로 부여하는 출혈 위력 +2 (턴 당 최대 6회),오만,4,보유,호흡 위력이 가장 높은 아군 1명 크리티컬 적중 시 스킬로 부여하는 출혈 위력 +2 (턴 당 최대 6회),,https://baslimbus.info/identity/82
101008,이상,남부 디에치 협회 4과,∅∅,4,6,2.82,82,-1,-1,3,3,-0.3,3,관통,탐식,2,타격,색욕,3,타격,나태,4,0,2,7,방어,,0,1.4,1,0.6,0,0,0,0,3.3,0.9,1.9,0,0,0,보통,취약,내성,,,,,,,,,,,,,12,2,,,,,,,,1,탐구한 지식,,15.5,,,,,,,,,,,,,,,나태,3,보유,피격 시 공격자에게 침잠 1 부여 (최대 4회),나태,4,보유,속도가 가장 높은 아군 1명 스킬을 버릴 때 최대 체력의 (3×버린 스킬 등급)% 만큼 보호막 얻음 (턴 당 최대 1회),,https://baslimbus.info/identity/86
101001,이상,LCB 수감자,∅,4,8,2.48,72,0,0,0,-2,0,-2,참격,우울,1,관통,질투,2,참격,나태,3,4,2,0,방어,,0,0,0.7,0,1,0,1.3,0,0,1,0,3,0,2,취약,내성,보통,,,,,,,,,,,,,8,2,,,,,,,,,,,,,,,1,,,,,,,,,,,우울,4,공명,조작 패널에서 자신의 뒤에 있는 아군 2명에게 피해량 증가 1 부여,우울,4,보유,정신력이 가장 낮은 아군 1명 이번 턴에 정신력이 감소한 경우 턴 종료 시 정신력 10 회복,,https://baslimbus.info/identity/76
102004,파우스트,쥐는 자,∅∅∅,4,7,2.28,66,4,4,4,0,4,-1,관통,질투,2,관통,색욕,3,타격,오만,3,0,5,3,회피,,0,1.3,0,0,0,0.7,1,0,2,0,0,0,1,3,취약,보통,내성,,,6,,,,,,,,,,,,,,,,,,,,"주시, 못, 정신력 회복, 정신력 감소",,,,,,,2,,,,,,,,10,,색욕,4,공명,전투 시작 시 정신력이 가장 낮은 아군 2명의 정신력 15 회복. 대상이 N사 광신도면 광신 1 부여,색욕,3,공명,전투 시작 시 정신력이 가장 낮은 아군 1명의 정신력 15 회복. 대상이 N사 광신도면 광신 1 부여,,https://baslimbus.info/identity/10
102006,파우스트,남부 세븐 협회 4과,∅∅∅,4,7,2.4,76,3,3,3,-2,3,-2,참격,질투,2,참격,우울,3,참격,탐식,3,8,0,0,방어,,0,0,0,0.7,1.3,0,1,0,0,0,1,2,0,3,보통,내성,취약,,,,,,,,,,,18,6,,,,,,,,,,,약점 분석,,,,,,,,,,,,,,,,,탐식,3,보유,"상대의 약점, 취약 속성(내성 1 초과)로 공격 시, 공격 전 대상의 파열만큼 호흡을 얻음 (턴 당 최대 20)",탐식,4,보유,"속도가 가장 높은 아군 1명 상대의 취약 속성(내성 1.5 초과)로 공격 시 대상의 파열에 비례해 피해량 증가 (파열 1 당 1.5%, 최대 15%)",,https://baslimbus.info/identity/12
102007,파우스트,로보토미 E.G.O::후회,∅∅∅,3,6,2.82,82,3,3,3,5,3.3,1,타격,나태,1,타격,오만,3,타격,분노,3,0,0,7,타격,우울,0.7,0,1,0,0,1.3,0,1,0,3,0,0,2,0,내성,취약,보통,,,,,10,9,3,,,1,,,,,,,,,,,,,,4,,,,,,,,,2,,2,,,,,분노,6,보유,"합 진행 시 대상이 보유한 부정적인 효과가 3개 이상이면 대상의 합 위력 -1. 자신이 생존해 있는 동안 진동 폭발을 당하는 적이 방어 레벨 감소 2를 얻음(턴 당 적 1명당 최대 1회). 턴 종료 시 정신력 -25미만일 때 다음 턴에 속박 2, 타격 위력 증가 1 얻음",분노,5,보유,속도가 가장 낮은 아군 1명이 합 진행 시 대상이 보유한 부정적인 효과가 3개 이상이면 대상의 합 위력 -1,,https://baslimbus.info/identity/13
102008,파우스트,검계 살수,∅∅∅,3,8,2.5,76,2,2,2,0,2,-2,참격,나태,3,관통,오만,2,참격,우울,2,5,2,0,방어,,0,0,1,0,0.7,1.3,0,0,0,3,0,1,2,0,내성,보통,취약,,,,,,,,,,,,,,,1,1,,,,,,,홍매화,,,,2,,,,,,,,,,,,,오만,4,보유,크리티컬 적중 시 홍매화 1 부여 (최대 3회),오만,4,보유,편성 순서가 가장 빠른 아군이 참격 스킬로 크리티컬 적중 시 방어 레벨 감소 1 부여 (턴 당 적마다 최대 3),,https://baslimbus.info/identity/89
102010,파우스트,멀티크랙 사무소 대표,∅∅∅,3,7,2.28,66,1,4,3,0,2.3,-1,참격,색욕,2,타격,질투,3,타격,우울,4,2,0,7,방어,,0,1,0,0,0.7,0,1.3,0,3,0,0,1,0,2,보통,취약,내성,,,,,,,,,,,,,,,,,,,1,1,,,,,,,,,,,,,,,,,,,,질투,3,보유,"전투 중 충전 횟수 누적 10 소모 시마다 충전 1 얻음. 충전이 2 이상이면, 피해량이 (충전×3)% 만큼 증가(최대 15%). 적 처치 시 자신과 충전 횟수가 가장 적은 아군 1명 충전만큼 충전 횟수 증가(최대 3, 충전 관련 스킬을 보유한 아군에게 우선 적용)",질투,5,보유,"충전 횟수가 가장 낮은 아군 1명 적 처치 시 충전 횟수 2 증가 (턴 당 1회, 충전 관련 스킬을 보유한 아군에게 우선 적용)",,https://baslimbus.info/identity/116
102002,파우스트,W사 2등급 정리 요원,∅∅,2,4,3.05,88,-1,-1,-1,5,-1,3,타격,질투,1,타격,우울,2,타격,분노,3,0,0,6,방어,,0.7,0,0,0,1.3,0,1,1,0,0,0,2,0,3,보통,내성,취약,,,,,,,,,,,,,,,,,,,,1,,,,,,,8,,,3,,2,,,,,,,,질투,4,보유,공격 종료 시 충전 횟수 1 증가,질투,3,보유,최대 체력이 가장 낮은 아군 1명이 얻는 충전 횟수 +1,,https://baslimbus.info/identity/8
102003,파우스트,살아남은 로보토미 직원,∅∅,3,6,2.39,69,3,3,3,0,3,-4,참격,색욕,1,관통,우울,3,참격,질투,2,3,3,0,회피,,0,1,0,0,1.3,0,0.7,0,3,0,0,2,0,1,내성,보통,취약,,,,,,,,,,,11,,,,1,,,,,,,,,,,,,,,,,,,,,,,,,색욕,2,공명,다음 턴 시작 시 호흡 횟수가 4 이상이면 신속 2를 얻음,색욕,2,공명,최대 체력이 가장 낮은 아군 1명 수비 스킬의 위력 +2,,https://baslimbus.info/identity/9
102005,파우스트,남부 츠바이 협회 4과,∅∅,3,6,2.82,82,-1,-1,-1,2,-1,2,관통,질투,2,참격,우울,3,참격,색욕,2,5,2,0,방어,,0,0.7,0,0,1.3,0,1,0,1,0,0,2,0,3,취약,보통,내성,,,,,,,,,,,,,,,,,,,,,,,,,,1,,,,,,,,,,8,,,,우울,4,보유,조작 패널에서 자신의 양 옆에 있는 아군에게 전투 시작 시 방어 레벨 증가 2 부여,우울,2,공명,전투 시작 시 최대 체력이 가장 낮은 아군 1명에게 방어 레벨 증가 2 부여. 대상의 체력이 50% 미만이면 2 추가 부여,,https://baslimbus.info/identity/11
102009,파우스트,워더링하이츠 버틀러,∅∅,3,7,2.7,76,1,2,4,1,1.8,-1,참격,우울,2,타격,색욕,2,참격,분노,4,6,0,2,방어,,0.7,1.3,0,0,1,0,0,1,2,0,0,3,0,0,보통,취약,내성,,,,,,,,,,,,,6,10,,,,,,,,,저택의 메아리,,,,,,,,,,,,,,,,,우울,4,보유,합 승리 시 대상에게 침잠 1 부여 (턴 당 3회),우울,4,보유,정신력이 가장 낮은 아군 1명 침잠이 5 이상 부여된 대상에게 공격 적중 시 정신력 2 회복 (턴 당 4회),,https://baslimbus.info/identity/97
102001,파우스트,LCB 수감자,∅,2,4,2.9,84,-1,-1,-1,1,-1,1,타격,오만,1,타격,나태,2,관통,탐식,2,0,2,3,회피,,0,0,1.3,0.7,0,1,0,0,0,2,1,0,3,0,취약,내성,보통,,,,,,,,,,,,,,,,,,,,,,,,,,,,,,3,,2,,,6,,,,,오만,2,공명,부정적인 효과가 걸려있는 대상에게 가하는 피해량 +10%,오만,3,보유,최대 체력이 가장 높은 아군 1명 공격 적중 시 25% 확률로 공격 레벨 감소 1 부여,,https://baslimbus.info/identity/7
103002,돈키호테,W사 3등급 정리 요원,∅∅∅,3,6,2.51,73,3,3,3,0,3,-1,참격,나태,1,관통,우울,3,참격,질투,5,6,3,0,회피,,0,0,1,0,1.3,0,0.7,0,0,3,0,2,0,1,보통,내성,취약,,,,,,,,,,,8,,,,,,,,,1,,,,,,,,,4,,,,,,,,,,,우울,3,공명,이번 턴에 전투 시작 시 (우울 공명 수/3) 만큼 충전 횟수 증가,우울,3,공명,속도가 가장 높은 아군 1명 첫 번째 스킬 최종 위력 +1,,https://baslimbus.info/identity/3
103005,돈키호테,남부 섕크 협회 5과 부장,∅∅∅,4,7,2.28,72,4,4,4,0,4,-2,관통,색욕,2,관통,우울,2,관통,오만,2,0,6,0,회피,,0,1,0,0,1.3,0.7,0,0,3,0,0,2,1,0,취약,내성,보통,,,,,,,,,,,,,,,,,,,,,,,정신력 감소,,,,5,,,,,,,,,,,,,오만,3,공명,"모든 아군의 속도가 모든 적보다 높으면, 속도가 가장 느린 적과의 속도 차이에 비례해 자신의 피해량 증가 (차이 1 당 6%, 최대 30%)",오만,3,공명,"모든 아군의 속도가 모든 적보다 높으면, 속도가 가장 느린 적과의 속도 차이에 비례해 속도가 가장 빠른 아군의 피해량 증가 (차이 1 당 3%, 최대 15%)",,https://baslimbus.info/identity/5
103006,돈키호테,중지 작은 아우,∅∅∅,4,6,2.96,86,2,3,3,5,2.9,5,타격,분노,2,타격,질투,2,타격,오만,4,0,0,8,타격,질투,1,0,0,0,0,0.7,1.3,3,0,0,0,0,1,2,취약,보통,내성,,,15,,,,,,,,,,,,,,,,,,,,정신력 회복,,,,,,,,,,,,,,,,2,질투,4,보유,자신을 포함한 아군이 3번 피격당할 때마다 다음 턴에 질투 피해량 증가 1 얻음(최대 5). 턴 종료 시 해당 턴에 아군에게 스킬로 가장 많은 피해를 준 적에게 앙갚음 대상 부여. 공격 시 메인 공격 대상이 앙갚음 대상인 경우 최종 위력 1 증가,질투,3,보유,최대 체력이 가장 낮은 아군 1명 자신을 제외한 아군이 6회 피격당할 때마다 다음 턴에 타격 피해량 증가 1 얻음 (최대 2),,https://baslimbus.info/identity/6
103009,돈키호테,T사 3등급 징수직 직원,∅∅∅,4,7,3.26,95,0,0,0,2,0,4,타격,탐식,2,참격,오만,3,타격,나태,4,3,0,6,방어,,0,0,0.7,1,0,1.3,0,0,0,1,3,0,2,0,보통,취약,내성,,,,,16,,2,진동 - 사슬,,1,,,,,,,,,,,,,시간 유예,,9,,,,,,,,,,,,,,,나태,5,보유,"턴 종료 시 체력이 10% ~ 20% 사이로 남았을 때 전체 체력의 80%만큼 즉시 회복, 흐트러짐 상태 해제(전투 당 1회). 시간 대여가 해제될 경우 다음 턴에 보유 중인 스킬 슬롯 중 하나의 도발치 8 증가",나태,3,보유,속도가 가장 느린 아군 1명 진동이 부여된 적에게 피해를 입을 시 받는 피해량 -10%,,https://baslimbus.info/identity/112
103003,돈키호테,남부 시 협회 5과 부장,∅∅,3,6,2.39,69,3,3,3,0,3,-4,참격,분노,1,참격,질투,1,참격,색욕,1,3,0,0,회피,,1,0.7,0,0,0,0,1.3,3,1,0,0,0,0,2,내성,취약,보통,,,,,,,,,,,,,,,1,,,,,,,,,,,,,,,,,,,,,,,,,분노,3,공명,다음 턴에 (분노 공명 수/3)만큼 신속을 얻음,분노,5,보유,속도가 가장 높은 아군 1명 참격 스킬의 피해량 +10%,,https://baslimbus.info/identity/2
103004,돈키호테,N사 중간 망치,∅∅,2,5,2.82,82,1,1,1,3,1,1,관통,색욕,2,타격,탐식,1,타격,분노,3,0,2,4,방어,,0.7,1,0,1.3,0,0,0,1,3,0,2,0,0,0,내성,보통,취약,,,,,6,2,2,,,,,,,,,,,,,,,,못,,,,,,,2,,1,,,,,,,,색욕,3,보유,"못이 있는 대상에게 부여하는 진동 횟수 +1, 자신에게 광신이 있으면 부여하는 못 +1",색욕,4,보유,광신이 있는 아군 중 정신력이 가장 낮은 아군의 피해량 +10%,,https://baslimbus.info/identity/4
103007,돈키호테,로보토미 E.G.O::초롱,∅∅,4,6,2.82,82,-1,-1,1,4,-0.7,4,참격,탐식,1,참격,색욕,3,관통,우울,3,4,3,0,방어,,0,1.3,0,1,0.7,0,0,0,2,0,3,1,0,0,보통,내성,취약,,,,,,,,,,,8,13,,,,,,,,,,,,,10,,,,,,,,,,,,,,,탐식,4,보유,"자신의 슬롯에 도발치가 있을 때 합 위력 +1. 명령 페이즈에서 자신을 공격 스킬의 타겟으로 삼은 적에게, 공격 적중 시마다 체력 4 회복",탐식,5,보유,"도발치가 가장 높은 슬롯을 보유한 아군 1명, 자신을 공격 스킬의 타겟으로 삼은 적에게 공격 적중 시마다 체력 2 회복",,https://baslimbus.info/identity/84
103008,돈키호테,검계 살수,∅∅,4,8,2.4,73,1,1,4,-2,1.5,-2,관통,오만,2,참격,질투,2,참격,나태,3,5,2,0,회피,,0,0,0.7,0,0,1,1.3,0,0,1,0,0,3,2,내성,보통,취약,,,,,,,,,,,,,,,1,1,4,4,,,,,,,,,,,,,,,,,,,,,,오만,2,공명,자신의 스킬/코인 효과로 호흡 위력을 얻을 때 호흡 위력이 가장 낮은 아군 1명에게 호흡 1 부여 (최대 3회),오만,3,보유,"호흡 위력이 가장 낮은 아군 1명이 자신의 스킬/코인 효과로 얻는 호흡 위력 +1 (최대 2회, 호흡이 없는 대상에겐 적용되지 않음)",,https://baslimbus.info/identity/87
103001,돈키호테,LCB 수감자,∅,3,6,2.28,66,2,2,2,-2,2,-2,관통,색욕,1,관통,질투,1,관통,탐식,3,0,5,0,회피,,0,1,0,0.7,0,0,1.3,0,3,0,1,0,0,2,보통,내성,취약,,,,,,,,,,,,,,,,,,,,,,,,,,,,,,,,,,,,,,,,색욕,3,공명,합 승리 시 해당 스킬의 피해량 +10%,색욕,5,보유,정신력이 가장 높은 아군 1명 관통 스킬의 피해량 +10%,,https://baslimbus.info/identity/1
104003,료슈,흑운회 와카슈,∅∅∅,3,6,2.51,73,3,3,3,0,3,0,관통,탐식,1,관통,오만,2,관통,색욕,2,0,5,0,방어,,0,0.7,0,1,0,1.3,0,0,1,0,3,0,2,0,취약,내성,보통,,,6,5,,,,,,,,,,,,,,,,,,,,,,,,,,9,,,,,5,,,,4,색욕,3,공명,출혈이 부여된 적 공격 시 피해량 +10%,색욕,4,보유,속도가 가장 높은 아군 1명이 부여하는 출혈 +1,,https://baslimbus.info/identity/64
104004,료슈,료.고.파. 주방장,∅∅∅,3,6,2.4,70,3,3,3,3,3,-2,참격,분노,2,관통,질투,3,참격,색욕,4,6,3,0,회피,,1,0.7,0,0,0,0,1.3,3,1,0,0,0,0,2,내성,취약,보통,,,4,3,,,,,,,,,,,,,,,,,,,체력 회복 감소,,,,2,,,,,,,,,,,,,색욕,5,보유,"적 처치 시 체력이 가장 낮은 아군 1명 체력 15 회복(턴 당 1회). 갈증이 있는 경우 전부 소모하고, 소모한 갈증에 비례하여 회복량 증가.",색욕,5,보유,적 사망 시 체력이 가장 낮은 아군 1명 체력 15 회복 (턴 당 1회),,https://baslimbus.info/identity/65
104005,료슈,W사 3등급 정리 요원,∅∅∅,3,6,2.28,66,5,5,5,-4,5,-4,참격,색욕,3,참격,오만,3,참격,질투,4,10,0,0,회피,,0,1,0,0,0,1.3,0.7,0,3,0,0,0,2,1,내성,보통,취약,,,,,,,,,,,,,,,,,,,,1,5,,,,,,,,2,,,,,,,,,,,오만,5,보유,적 처치 시 충전 횟수 2 증가 (턴 당 최대 3회),오만,5,보유,최대 체력이 가장 낮은 아군 1명 적 처치 시 충전 횟수 2 증가 (턴 당 1회),,https://baslimbus.info/identity/66
104008,료슈,에드가 가문 치프 버틀러,∅∅∅,3,8,2.4,70,2,3,5,0,2.8,-2,참격,색욕,2,참격,오만,2,참격,분노,2,6,0,0,회피,,0.7,1,0,0,0,1.3,0,1,3,0,0,0,2,0,보통,취약,내성,,,,,,,,,,,,,,,1,1,,,,,,,,4,,,1,,,,,,,,,,,,,오만,3,보유,"버.표가 있는 대상에게 공격 적중 시 다음 턴에 신속 1 얻음(턴 당 최대 3회). 버.표가 있는 대상에게 크리티컬 적중 시 대상의 버.표를 제거하고, 대상의 속도가 자신보다 느리면 속도 차이 1 당 크리티컬 피해량 +5% (최대 30%)",오만,4,보유,편성 순서가 가장 느린 아군 1명 합 승리 시 호흡 횟수 1 증가 (턴 당 3회),,https://baslimbus.info/identity/98
104002,료슈,남부 세븐 협회 6과,∅∅,3,7,2.17,63,5,5,5,5,5,-4,타격,나태,1,참격,오만,1,참격,탐식,3,4,0,1,참격,탐식,0,0,1,0.7,0,1.3,0,0,0,3,1,0,2,0,내성,보통,취약,,,,,,,,,,,6,,,,,,,,,,,,,,,,,,5,,,,,,,,4,,,탐식,5,보유,이번 턴 참격 피해량 +10%,탐식,4,보유,최대 체력이 가장 낮은 아군 1명이 부여하는 파열 +1,,https://baslimbus.info/identity/63
104006,료슈,LCCB 대리,∅∅,4,7,2.6,76,1,1,3,3,1.3,0,타격,색욕,1,타격,탐식,2,관통,오만,3,0,3,3,방어,,0,1,0,1.3,0,0.7,0,0,3,0,2,0,1,0,보통,내성,취약,,,,,6,2,1,,,,6,2,,,1,1,,,,,,,"탄환, 정신력 감소",,,,,,,,,,,,4,,,,,탐식,2,보유,턴 종료 시 호흡이 7 이상이면 정신력 8 회복,오만,4,보유,"탄환이 가장 적은 아군 1명이 코인에서 마지막 탄환을 소모하면, 해당 코인의 공격 종료 시 피해를 입힌 대상에게 각각 해당 코인 피해량의 50%만큼 추가 피해",,https://baslimbus.info/identity/67
104007,료슈,남부 리우 협회 4과,∅∅,3,7,2.6,76,1,1,3,-1,1.3,-1,참격,탐식,2,관통,분노,2,참격,색욕,4,6,2,0,방어,,1.3,0.7,0,1,0,0,0,2,1,0,3,0,0,0,보통,취약,내성,13,,,,,,,,,,,,,,,,,,,,,,,,,,,,,,,,,,,,,,,분노,4,보유,화상이 부여된 적 처치 시 화상이 없거나 위력이 가장 낮은 무작위 적 1명 화상 4 부여 (턴 당 1회),분노,4,보유,속도가 가장 낮은 아군 1명 화상이 부여된 적 처치 시 무작위 적 1명 화상 3 부여 (턴 당 1회),,https://baslimbus.info/identity/92
104009,료슈,20구 유로지비,∅∅,4,7,2.4,71,1,1,1,1,1,0,타격,색욕,2,관통,나태,3,관통,탐식,3,0,6,2,방어,,0,1,1.3,0.7,0,0,0,0,3,2,1,0,0,0,보통,내성,취약,,,,,4,15,1,,,1,,,,,,,,,,,,,,,,,,,,,,,,,,,,,,나태,3,공명,"자신을 제외한 아군의 공격으로 흐트러진 적을 1스킬로 공격(턴 당 1회), 여러 적이 흐트러진 경우 체력이 가장 낮은 적 공격. 이 효과로 1스킬 사용 시 코인 효과로 자신이 얻는 진동 횟수가 1 증가하고 해당 스킬 마지막 코인 적중시 진동 폭발",나태,4,보유,"편성 순서가 가장 빠른 아군 1명 스킬, 코인 효과로 얻는 진동 횟수 값 +1 (턴 당 2회)",,https://baslimbus.info/identity/111
104001,료슈,LCB 수감자,∅,3,6,2.28,66,2,2,2,-2,2,-4,참격,탐식,1,참격,색욕,2,참격,오만,3,6,0,0,회피,,0,1.3,0,1,0,0.7,0,0,2,0,3,0,1,0,내성,보통,취약,,,,,,,,,,,,,,,1,,,,,,,,,,,,,,,,,,,,,,,,,탐식,3,공명,"자신이 가하는 피해량, +25% 받는 피해량 +25%",탐식,3,공명,"최대 체력이 가장 낮은 아군 1명 가하는 피해량, +20% 받는 피해량 +20%",,https://baslimbus.info/identity/62
105003,뫼르소,W사 2등급 정리 요원,∅∅∅,4,8,2.73,79,0,0,0,5,0,4,참격,질투,1,참격,우울,3,참격,오만,4,8,0,0,방어,,0,0,0,0,1.3,0.7,1,0,0,0,0,2,1,3,보통,내성,취약,,,,,,,,,,,10,,,,,,,,,1,,,,,,,,,4,,,,,,,,8,,,질투,3,보유,피격 시 충전 횟수 1 증가 (최대 6회),질투,4,보유,속도가 가장 낮은 아군 1명이 부여하는 파열 +1,,https://baslimbus.info/identity/44
105004,뫼르소,N사 큰 망치,∅∅∅,3,5,3.41,99,0,0,0,5,0.7,5,관통,나태,2,타격,분노,2,관통,오만,2,0,4,2,관통,분노,1.3,0,1,0,0,0.7,0,2,0,3,0,0,1,0,보통,내성,취약,,,,,,,,,,,,,,,,,,,,,,,못,,,,10,,,,,2,,,,,,,,분노,4,공명,"전투 시작 시 체력이 50% 미만이면, 자신에게 부여된 부정적 효과 중 하나를 제거하고 광신 1, 공격 위력 증가 1, 보호 3 얻음",분노,3,공명,"현재 체력이 가장 낮은 아군의 체력이 50% 미만이면, 공격 위력 증가 1, 보호 1 얻음. 대상이 N사 광신도면 광신 1을 추가로 얻음",,https://baslimbus.info/identity/45
105006,뫼르소,R사 제 4무리 코뿔소팀,∅∅∅,3,5,3,95,0,0,0,5,0,5,타격,질투,1,참격,우울,3,참격,색욕,3,6,0,1,방어,,0,0.7,0,0,1.3,0,1,0,1,0,0,2,0,3,보통,취약,내성,,,,14,,,,,,,,,,,,,,,,1,,,,,,,,,,,,,,,,,,,,질투,5,보유,턴 종료 시 충전 횟수 5 당 다음 턴의 속도 최댓값 +2 (최대 +6),질투,5,보유,턴 종료 시 충전 횟수가 가장 높은 아군 1명이 충전 횟수 5당 다음 턴의 속도 최댓값 +1 (최대 +3),,https://baslimbus.info/identity/47
105008,뫼르소,검계 우두머리,∅∅∅,4,6,2.73,82,3,3,0,5,2.9,3,참격,오만,2,참격,오만,3,참격,분노,1,6,0,0,참격,질투,0.7,0,0,0,0,2.3,0,1,0,0,0,0,5,0,내성,보통,취약,,,1.5,,,,,,,,,,,,1,1,,,,,,,"본국검 - 세법 전수, 본국검 - 자법 전수",0.5,3,,,,,2.5,,,,,,,,,,오만,3,공명,"이번 전투에서 체력이 0이 되는 피해를 입을 시 해당 턴 동안 체력이 1로 유지(전투 당 1회). 자신의 스킬 효과로 호흡 위력/횟수를 얻을 때, 자신을 제외한 검계 인격 중 호흡이 없거나 가장 낮은 2명의 호흡 위력, 횟수 1 증가. 전투에 참여한 검계 조직원이 6명 이상이면 1씩 추가 증가",오만,5,보유,전투 시작 시 호흡을 가장 많이 보유한 아군 1명 참격 스킬의 크리티컬 피해량 15% 증가,"자신을 제외한 검계 조직원이 3명 이상 사망한 경우, 전투 시작 시 자신에게 본국검술 부여, 자신의 스킬/코인 효과로 얻는 호흡 위력/횟수 +1, 검계 조직원이 5명 이상 사망한 경우 1 추가 증가",https://baslimbus.info/identity/88
105010,뫼르소,남부 디에치 협회 4과 부장,∅∅∅,4,6,2.82,82,0,1,3,4,0.8,2,타격,탐식,2,관통,나태,2,타격,우울,3,0,2,5,방어,,0,0,1.4,0.6,1,0,0,0,0,3.3,1.9,0.9,0,0,취약,보통,내성,,,,,,,,,,,,,15,15,,,,,,,,1,지식 단련,,,,,,,,,,,,,,,,,우울,2,공명,"자신을 제외한 아군이 스킬을 버릴 시 대상과 자신에게 지식 단련 1 부여(스킬 당 1회, 턴 당 3회). 턴 종료 시 자신을 제외하고 스킬을 버린 아군의 수만큼 다음 턴에 관통 피해량 증가, 타격 피해량 증가 얻음 (최대 3)",우울,5,보유,"최대 체력이 가장 높은 아군 1명 스킬을 버릴 시 최대 체력의 (5×버린 스킬 등급)% 만큼 보호막을 얻음, 탐구한 지식이 있는 경우 보호막 수치 1.5배로 적용 (턴 당 1회)",,https://baslimbus.info/identity/114
105002,뫼르소,남부 리우 협회 6과,∅∅,2,5,2.82,82,1,1,1,1,1,1,타격,색욕,2,타격,나태,2,관통,분노,3,0,3,4,방어,,0.7,1,1.3,0,0,0,0,1,3,2,0,0,0,0,보통,취약,내성,29,3,,,,,,,,,,,,,,,,,,,,,,,,,,,,,,,,,,,,,,색욕,4,보유,피격 시 무작위 대상에게 화상 1 부여 (최대 4회),색욕,4,보유,속도가 가장 낮은 아군 1명이 부여하는 화상 +1,,https://baslimbus.info/identity/43
105005,뫼르소,장미스패너 공방 해결사,∅∅,3,8,2.7,76,1,1,1,0,1,0,타격,우울,1,타격,오만,2,타격,나태,4,0,0,7,방어,,0,0,0.7,0,1,1.3,0,0,0,1,0,3,2,0,내성,취약,보통,,,,,28,,1,,,,,,,,,,,,,1,,,,,,,,,,,,2,,,,,,,,우울,5,보유,대상의 진동이 5 이상일 때 대상의 합 위력 -1. 흐트러짐 상태가 해제될 때 최대 체력의 5%만큼 체력 회복,우울,3,공명,속도가 가장 높은 아군 1명이 진동이 부여된 적과 합 진행 시 적의 합 위력 -1,,https://baslimbus.info/identity/46
105007,뫼르소,중지 작은 아우,∅∅,4,6,2.82,82,1,1,3,3,1.6,3,타격,나태,2,타격,질투,2,타격,분노,3,0,0,7,타격,질투,0.7,0,1,0,0,0,1.3,1,0,3,0,0,0,2,취약,보통,내성,,,11,,,,,,,,,,,,,,,,,,,,,,,,,,1,,4,,1,,,,,,,질투,3,보유,"턴 종료 시 해당 턴에 아군에게 스킬로 가장 많은 피해를 준 적에게 앙갚음 대상 부여. 공격 시 메인 공격 대상이 앙갚음 대상인 경우 최종 위력 1 증가. 자신 이외의 중지 인격이 생존해 있으면, 매 턴 종료 시 정신력 6 회복",질투,3,보유,정신력이 가장 낮은 아군 1명 자신과 동일한 소속의 캐릭터가 생존해 있는 경우 턴 종료 시 정신력 10 회복,,https://baslimbus.info/identity/48
105009,뫼르소,데드레빗츠 보스,∅∅,4,7,2.6,76,1,1,3,1,1.3,2,타격,색욕,1,관통,분노,2,타격,탐식,4,0,2,5,타격,탐식,1.3,1,0,0.7,0,0,0,2,3,0,1,0,0,0,내성,취약,보통,,,,,,,,,,,14.5,4,,,,,,,,,,,,,,,,,,,,,,,8,,,,,탐식,3,공명,파열이 있는 대상과 합 진행 시 합 위력 +1,탐식,3,공명,속도가 가장 높은 아군 1명 공격 적중 시 대상의 파열 위력이 6 이상이라면 공격 레벨 감소 1 부여 (적 1명 당 턴마다 최대 3),,https://baslimbus.info/identity/95
105001,뫼르소,LCB 수감자,∅,2,3,3.1,90,-3,-3,-3,3,-3,3,타격,나태,2,타격,오만,1,타격,우울,4,0,0,7,방어,,0,0,1,0,0.7,1.3,0,0,0,3,0,1,2,0,보통,취약,내성,,,,,6,2,2,,,,,,,,,,,,,,,,,,,,,,,,,,,,,,,,,나태,2,보유,전투 시작 시 체력이 50% 미만이면 보호 1 얻음,나태,3,보유,최대 체력이 가장 높은 아군 1명 공격 스킬로 받는 피해량 -10%,,https://baslimbus.info/identity/42
106003,홍루,콩콩이파 두목,∅∅∅,3,6,2.6,76,3,3,3,0,3,2,참격,질투,1,관통,색욕,3,참격,탐식,1,2,3,0,회피,,0,1.3,0,0.7,0,0,1,0,2,0,1,0,0,3,내성,보통,취약,,,12,,,,,,,,,,,,,,,,,,,,,,,,,,,,,,,,,,,,,탐식,2,공명,다음 턴 시작 시 (탐식 공명 수×2)만큼 정신력 회복,탐식,5,보유,정신력이 가장 높은 아군 1명 앞면 코인의 피해량 +20%,,https://baslimbus.info/identity/30
106005,홍루,K사 3등급 적출직 직원,∅∅∅,2,6,3.41,99,0,0,0,5,0,5,참격,오만,1,타격,탐식,2,참격,나태,2,3,0,2,방어,,0,0,0.7,1.3,0,1,0,0,0,1,2,0,3,0,취약,내성,보통,,,,,,,,,,,12,3,,,,,,,,,,,,,,,,,,,,,,,,,,,,탐식,5,보유,"피격 시 현재 체력이 최대 체력의 20% 미만이면, 최대 체력의 90%만큼 체력을 회복하고 K사 앰플을 1 얻음. 전투에서 해당 효과 첫 발동 시 이후 매 턴 취약 1을 얻음",탐식,4,공명,전투 시작 시 현재 체력 비율이 가장 낮은 아군 1명에게 K사 앰플 2 부여,,https://baslimbus.info/identity/32
106008,홍루,남부 디에치 협회 4과,∅∅∅,3,7,2.51,79,2,2,4,-3,2.3,-1,참격,분노,1,참격,우울,3,타격,나태,3,4,0,3,회피,,0.6,0,1,0,1.4,0,0,1.9,0,0.9,0,3.3,0,0,내성,취약,보통,,,,,,,,,,,,,6,9,,,,,,,,1,,,,,,,,,,,,,,,,,,우울,3,공명,스킬을 버릴 때 버린 스킬의 등급만큼 피해량 증가 얻음 (턴 당 최대 3),우울,4,보유,정신력이 가장 낮은 아군 1명이 공격 종료 후 대상을 흐트러짐 상태로 만들거나 처치하면 정신력 7 회복,,https://baslimbus.info/identity/85
106009,홍루,20구 유로지비,∅∅∅,3,7,2.4,70,2,2,4,0,2.3,0,타격,우울,2,관통,나태,3,관통,탐식,4,0,7,2,방어,,0,0,1.3,0.7,1,0,0,0,0,2,1,3,0,0,보통,내성,취약,,,,,12,,4,,진동 - 반향,1,,,,,,,,,,,,,,,,,,,,,,,,,,,,,,나태,6,보유,이번 턴에 자신이 진동 폭발을 시킨 횟수만큼 다음 턴에 피해량 증가 얻음 (최대 3),나태,3,공명,"편성 순서가 가장 빠른 아군 1명 스킬, 코인 효과로 진동 폭발 시 25% 확률료 진동 폭발 1회 추가 발동 (턴 당 1회)",,https://baslimbus.info/identity/110
106002,홍루,흑운회 와카슈,∅∅,3,7,2.6,76,0,0,0,2,0,1,참격,색욕,1,참격,오만,2,참격,나태,3,6,0,0,방어,,0,1,0.7,0,0,1.3,0,0,3,1,0,0,2,0,내성,보통,취약,,,18,,,,,,,,,,,,,,,,,,,,,,,,,,,6,,,,,,,,,,색욕,3,공명,연결된 죄 중 마지막 죄의 마지막 코인으로 공격 시 출혈 3 부여,색욕,4,보유,속도가 가장 높은 아군 1명이 부여하는 출혈 +1,,https://baslimbus.info/identity/29
106004,홍루,남부 리우 협회 5과,∅∅,3,6,2.6,76,0,0,0,2,0,1,타격,우울,2,타격,색욕,2,타격,분노,2,0,0,6,방어,,0.7,1.3,0,0,1,0,0,1,2,0,0,3,0,0,보통,취약,내성,8,7,,,,,,,,,,,,,,,,,,,,,,,,,,,,,,,,,,,,,,분노,4,보유,"자신의 정신력이 30 이상일 때 스킬 효과, 코인 효과로 부여하는 화상 횟수 +1",분노,4,보유,"정신력이 가장 높은 아군 1명이 공격 스킬의 스킬 효과, 코인 효과로 부여하는 화상 횟수 +1",,https://baslimbus.info/identity/31
106006,홍루,W사 2등급 정리 요원,∅∅,4,6,2.82,82,-1,-1,-1,2,-1,2,관통,오만,2,관통,분노,2,참격,탐식,3,3,4,0,방어,,1.3,0,0,0.7,0,1,0,2,0,0,1,0,3,0,내성,보통,취약,,,,,,,,,,,3,,,,,,,,,1,20,,,,,,,,,,,,,,,,,,,오만,3,보유,전투 시작 시 충전 횟수가 5 이상이면 다음 턴에 신속 2 얻음,오만,3,보유,속도가 가장 낮은 아군이 전투 시작 시 충전 횟수가 5 이상이면 다음 턴에 신속 2 얻음,,https://baslimbus.info/identity/33
106007,홍루,갈고리 사무소 해결사,∅∅,3,7,2.36,69,1,2,3,0,1.7,-3,관통,분노,2,관통,색욕,3,관통,오만,4,0,9,0,회피,,1,1.3,0,0,0,0.7,0,3,2,0,0,0,1,0,보통,내성,취약,,,10,9,,,,,,,,,,,,,,,,,,,,,,,,,,,,,,,,,,,,색욕,5,보유,적 처치 시 다음 턴에 공격 위력 증가 1 얻음 (턴 당 최대 1회),색욕,5,보유,속도가 가장 높은 아군 1명이 출혈이 부여된 적 처치 시 다음 턴에 공격 위력 증가 1 얻음 (턴 당 최대 1회),,https://baslimbus.info/identity/34
106001,홍루,LCB 수감자,∅,3,6,2.28,66,2,2,2,-2,2,-2,타격,오만,1,참격,나태,2,타격,색욕,2,2,0,3,회피,,0,0.7,1.3,0,0,1,0,0,1,2,0,0,3,0,취약,보통,내성,,,,,,,,,,,4,,8,,,,,,,,,,,,,,,,,,,2,,,,,,,,나태,2,공명,다음 턴 시작 시 정신력 6 회복,나태,5,보유,정신력이 가장 낮은 아군 1명 전투 시작 시 정신력 6 회복,,https://baslimbus.info/identity/28
107003,히스클리프,R사 제 4무리 토끼팀,∅∅∅,3,7,2.28,66,5,5,5,-2,5,-4,관통,분노,3,관통,탐식,4,관통,질투,5,0,12,0,회피,,1,0,0,1.3,0,0,0.7,3,0,0,2,0,0,1,보통,내성,취약,,,6,,,,,,,,6,,,,,,,,,1,,,탄환,,,,,,4,,,,,,,,,,,분노,3,공명,"다음 턴 시작 시 (분노 공명 수)만큼 충전 횟수 증가. 충전 횟수가 5 이상이면 신속 1, 공격 위력 증가 1 얻음",분노,5,보유,속도가 가장 높은 아군 1명 관통 스킬의 피해량 +10%,,https://baslimbus.info/identity/23
107005,히스클리프,로보토미 E.G.O::여우비,∅∅∅,3,5,2.96,86,2,3,3,5,2.9,2,타격,질투,3,타격,우울,4,관통,나태,3,0,3,7,관통,분노,0,0,0.7,0,1.3,0,1,0,0,1,0,2,0,3,취약,보통,내성,,,,,,,2,,,,19.5,,8.5,6,,,,,,,,,,,,,,,1,1,,,,,,,,,,질투,3,보유,"전투 시작 시 침잠 횟수를 1 소모해 침잠만큼 정신력 감소. 피격 전 자신의 침잠만큼 보호를 얻고(턴 당 최대 5), 피격 시 다음 턴에 타격 피해량 증가 1을 얻음 (턴 당 최대 3)",질투,3,보유,"정신력이 가장 낮은 아군 1명이 피격 시, 정신력 10 감소하고 다음 턴에 타격 피해량 증가 1을 얻음 (턴 당 1회)","합 패배 시 합 횟수에 비례하여 정신력 감소 (기본값 10, 2합부터 1합당 20%씩 증가)",https://baslimbus.info/identity/25
107007,히스클리프,피쿼드호 작살잡이,∅∅∅,4,6,3.41,99,1,1,3,5,1.9,5,관통,오만,2,관통,질투,3,관통,질투,4,0,9,0,관통,분노,0,0,0,0,0,1,2,0,0,0,0,0,3,3,취약,내성,보통,,,10,20,,,,,,,,,,,1,1,,,,,,,,,16,,,,,,,,,,,,,,,질투,5,보유,"자신을 포함한 아군이 피격당할 때마다 다음 턴에 공격 레벨 증가 1, 방어 레벨 증가 1 얻음(최대 6). 자신이 잃은 체력 1%당 가하는 피해량 0.4% 증가",질투,5,보유,최대 체력이 가장 높은 아군 1명 잃은 체력 1%당 가하는 관통 피해량 0.15% 증가 (최대 15%),,https://baslimbus.info/identity/27
107008,히스클리프,남부 외우피 협회 3과,∅∅∅,4,6,2.73,79,2,2,2,0,2,-2,참격,질투,2,참격,우울,2,관통,오만,3,4,3,0,방어,,0,0,0,0,1.3,0.7,1,0,0,0,0,2,1,3,내성,취약,보통,,,,,10,6.5,,진동 - 붕괴,,,,,,,,,,,,,,,,,,,,,,,,,,,,,,,,오만,4,보유,대상의 진동 위력 6 당 피해량 +5% (최대 15%),오만,6,보유,"속도가 가장 높은 아군 1명 진동 위력, 횟수를 부여하는 스킬 합 위력 +1",,https://baslimbus.info/identity/93
107010,히스클리프,와일드헌트,∅∅∅,3,8,2.51,73,2,2,5,3,2.6,-2,참격,분노,2,참격,질투,3,타격,우울,2,5,0,2,참격,색욕,1,0,0,0,0.7,0,1.3,3,0,0,0,1,0,2,내성,보통,취약,,,,,,,,,,,,,26,6,,,,,,,,,다가오는 파탄,4,,,,,,,,,,,,,,,,질투,5,보유,"대상의 침잠 1 당 피해량 +1%(최대 15%). 전투 중 아군 1명이 사망에 이르는 피해를 받았을 때, 관 2를 소모해 와일드헌트 부여(턴 당 1회). 다음 턴에 와일드헌트를 부여한 인격에게 피해량 증가 2 부여, 워더링하이츠/에드가 가문 소속인 경우 공격 위력 증가 1 추가 부여",우울,3,공명,"정신력이 가장 높은 아군 1명 정신력이 0 미만인 대상에게 입히는 피해량 +5%, 대상의 정신력이 낮을수록 입히는 피해량 증가(정신력 1 당 +0.5%, 최대 20%). 대상에게 정신력이 없는 경우 대신 공격 스킬의 스킬/코인 효과로 부여하는 침잠 위력, 횟수 부여량 +1 (턴 당 최대 2회)","전투 중 사망한 아군이 3명 이상이면 다음 턴에 듀라한에 탑승(전투 당 1번). 듀라한에 탑승할 때마다 정신력 5 소모, 듀라한에 탑승할 때 피해/흐트러짐 손상으로 흐트러진 경우 흐트러짐 상태 해제. 적 처치 시 적의 레벨에 관계없이 정신력 10 증가, 아군이 적 처치 시 적의 레벨에 관계없이 정신력 5 증가. 합 패배 시 합 횟수에 비례하여 정신력 감소 (기본값 5, 2합부터 1합당 10%씩 증가)",https://baslimbus.info/identity/118
107002,히스클리프,남부 시 협회 5과,∅∅,2,5,2.82,82,1,1,1,1,1,1,참격,색욕,1,관통,분노,1,참격,질투,2,3,1,0,참격,분노,1.3,1,0,0,0,0,0.7,2,3,0,0,0,0,1,내성,취약,보통,,,,,,,,,,,,,,,,,,,,,,,,,,,,,,,,,,,,,,,,분노,3,공명,이번 턴에 공격으로 피해를 받으면 피해량 +10%,분노,3,공명,"현재 체력이 가장 낮은 아군 1명 가하는 피해량 +20%, 받는 피해량 +20%",,https://baslimbus.info/identity/22
107004,히스클리프,N사 작은 망치,∅∅,3,7,2.6,76,0,0,0,2,0,1,관통,질투,2,타격,우울,1,타격,색욕,3,0,2,4,방어,,0,0.7,0,0,1.3,0,1,0,1,0,0,2,0,3,내성,보통,취약,,,6,,,,,,,,,,,,,,,,,,,,못,,,,,,,,,,4,,,,,,,질투,2,보유,"아군이 사망하면, 다음 턴 시작 시 정신력 10 감소하고 타격 위력 증가 1을 얻음",색욕,4,보유,속도가 가장 높은 아군 1명이 부여하는 못 +1,,https://baslimbus.info/identity/24
107006,히스클리프,남부 세븐 협회 4과,∅∅,3,7,2.7,76,1,1,1,-1,1,-1,참격,분노,2,관통,질투,1,참격,탐식,4,6,1,0,방어,,1,0,0,0.7,0,0,1.3,3,0,0,1,0,0,2,보통,내성,취약,,,,,,,,,,,9,11,,,,,,,,,,,,,,,,,,,,,,,,,2,,,탐식,4,보유,상대의 취약 속성(내성 1.5 초과)로 공격 시 스킬로 부여하는 파열 +1,탐식,4,보유,최대 체력이 가장 높은 아군 1명 상대의 취약 속성(내성 1.5 초과)로 공격 시 스킬로 부여하는 파열 +1,,https://baslimbus.info/identity/26
107009,히스클리프,멀티크랙 사무소 해결사,∅∅,4,7,2.55,71,0,1,2,2,0.7,-1,참격,분노,2,타격,질투,3,타격,우울,4,2,0,7,방어,,1,0,0,0,0.7,0,1.3,3,0,0,0,1,0,2,보통,취약,내성,,,,,,,,,,,,,,,,,,,1,1,,,"광전, 체력 회복 감소",,,,,,,,,,,,,,4,,,질투,3,보유,전투 중 충전 횟수 누적 10 소모 시마다 충전 1 얻음. 턴 종료 시 충전이 2 이상이면 다음 턴에 신속 1 얻음,질투,7,보유,편성 순서가 가장 빠른 아군 1명 충전 횟수 최대치 +5,,https://baslimbus.info/identity/117
107001,히스클리프,LCB 수감자,∅,2,5,2.69,78,0,0,0,0,0,0,타격,질투,1,타격,분노,2,타격,색욕,2,0,0,5,타격,질투,1.3,0.7,0,0,0,0,1,2,1,0,0,0,0,3,취약,보통,내성,,,,,9,,1,,,,,,,,,,,,,,,,,,,,,,,,,,,,,,,,,질투,4,공명,대상이 자신보다 최대 체력이 높으면 피해량 +10%,질투,5,보유,최대 체력이 가장 낮은 아군 1명 타격 스킬 피해량 +10%,,https://baslimbus.info/identity/21
108002,이스마엘,R사 제 4무리 순록팀,∅∅∅,3,7,2.69,79,1,1,1,3,1,3,타격,우울,2,타격,질투,1,타격,분노,4,0,0,7,회피,,0.7,0,0,0,1,0,1.3,1,0,0,0,3,0,2,취약,보통,내성,,,,,,,,,,,,,10,6,,,,,,1,,,,,,,,,,,,,,,,,,,,우울,3,공명,전투 시작 시 공격 위력 증가를 (우울 공명 횟수/3)만큼 얻음. 이번 턴에 피해를 주지 못한 경우 턴 종료 시 정신력 -15,우울,5,보유,정신력이 가장 낮은 아군 1명 타격 스킬 피해량 +10%,,https://baslimbus.info/identity/38
108006,이스마엘,남부 리우 협회 4과,∅∅∅,3,6,2.73,79,2,2,2,2,2,0,타격,색욕,2,타격,분노,3,타격,질투,4,0,0,9,타격,분노,1.3,1,0,0,0,0,0.7,2,3,0,0,0,0,1,보통,취약,내성,12,6.5,,,,,,,,,,,,,,,,,,,,,,,,,,,,,,,,,,,,,,분노,3,공명,대상의 화상 횟수 3 당 타격 피해량 +10% (최대 30%),분노,6,보유,속도가 가장 낮은 아군 1명이 공격 적중 시 대상의 화상 횟수 3 당 타격 피해량 +5% (최대 15%),,https://baslimbus.info/identity/40
108007,이스마엘,어금니 보트 센터 해결사,∅∅∅,3,6,2.4,70,3,3,5,-2,3.3,-2,관통,오만,2,관통,나태,2,관통,우울,3,0,7,0,회피,,0,0,1.3,0,0.7,1,0,0,0,2,0,1,3,0,취약,내성,보통,,,,,,6,,,,1,,,18,11,,,,,,,,,,,,,,,3,,,,,,,,6,,,오만,3,보유,진동이 있는 대상에게 공격 적중 시 침잠 횟수 1 증가,오만,4,보유,"최대 체력이 가장 낮은 아군이 앞면 적중 시, 코인 효과로 진동 횟수를 적에게 부여할 때 침잠 횟수 1 부여",,https://baslimbus.info/identity/41
108008,이스마엘,피쿼드호 선장,∅∅∅,4,7,2.3,68,3,3,3,-3,3,-3,관통,질투,2,관통,오만,3,관통,분노,4,0,9,0,방어,,0.7,0,0,0,0,1.3,1,1,0,0,0,0,2,3,보통,내성,취약,2,1,10,1,,,,,,,,,,,,,8,16,,,,,"원호 공격, 정신력 회복",,,,,3,,,2,,,,,,,2,,오만,3,공명,"자신의 공격 종료 시 대상이 사망했으면 다음 턴에 가열된 가스 작살 상태가 됨. 자신을 제외한 정신력이 가장 낮은 아군 1명 정신력 7 회복, 대상이 피쿼드호 소속이면 5 추가 회복",오만,3,공명,"정신력이 가장 높은 아군 1명 공격 종료 시 대상이 사망했으면, 호흡 2 얻음 (턴 당 2회)","<호수의 존재> 공격 시 피해량 10% 증가. 적 처치 시 적 레벨에 관계없이 정신력 10 증가, 자신의 레벨 이상인 경우 5 추가 증가. 아군 사망 시 레벨 관계 없이 정신력 10 증가. 자신보다 레벨이 높은 적을 아군이 처치할 시 정신력 5 감소 (원호 공격 예외)",https://baslimbus.info/identity/102
108003,이스마엘,남부 시 협회 5과,∅∅,2,5,2.82,82,1,1,1,1,1,1,관통,질투,2,참격,색욕,2,참격,분노,2,4,2,0,참격,질투,0.7,1.3,0,0,0,0,1,1,2,0,0,0,0,3,내성,취약,보통,,,,,,,,,,,,,,,1,1,,,,,,,,,,,,,,,,,,,,,,,,질투,2,보유,자신의 체력이 50% 미만일 때 스킬 효과로 얻는 호흡 +1,질투,2,공명,현재 체력이 가장 낮은 아군 1명 반격 스킬의 위력 +2,,https://baslimbus.info/identity/36
108004,이스마엘,LCCB 대리,∅∅,2,6,2.82,82,-1,-1,-1,5,-1,3,타격,탐식,1,타격,우울,3,타격,오만,4,0,0,8,방어,,0,0,0,1,1.3,0.7,0,0,0,0,3,2,1,0,보통,취약,내성,,,,,32,8,1,,,,8,4,,,,,,,,,,,탄환,,,,,,5,9,,2,,,,,,,,탐식,3,공명,합 승리 후 공격 적중 시마다 진동 1 부여,탐식,2,공명,속도가 가장 낮은 아군 1명 가드 스킬의 위력 +2,,https://baslimbus.info/identity/37
108005,이스마엘,로보토미 E.G.O::출렁임,∅∅,2,7,3.1,90,-1,-1,-1,5,-1,5,타격,우울,1,타격,분노,2,타격,탐식,1,0,0,4,방어,,1.3,0,0,0.7,1,0,0,2,0,0,1,3,0,0,내성,취약,보통,,,,,9,3,1,,,,5,,,,,,,,,,,,,,,,,,,,,,,,,,,,,우울,3,보유,"공격 스킬로 대상의 체력에 피해를 주지 못한 경우, 다음 턴에 최대 체력의 5%만큼 보호막을 얻음 (최대 30)",우울,4,보유,속도가 가장 높은 아군 1명이 진동 폭발 발동 시 파열 2 부여,,https://baslimbus.info/identity/39
108009,이스마엘,에드가 가문 버틀러,∅∅,4,6,2.51,73,1,1,3,-1,1.3,-1,타격,나태,2,참격,탐식,2,참격,우울,3,5,0,2,회피,,0,0,1,1.3,0.7,0,0,0,0,3,2,1,0,0,보통,취약,내성,,,,,,,,,,,,,18,3,1,1,,,,,,,,,,,1,,1,,,,,,,,4,,,우울,5,보유,자신보다 속도가 느린 대상에게 크리티컬 적중 시 자신이 스킬로 부여하는 부정적인 효과 위력 1 추가 부여 (턴 당 최대 3회),우울,5,보유,속도가 가장 높은 아군 1명 침잠이 있는 대상 공격 시 대상의 침잠 1 당 피해량 +0.5% (최대 10%),,https://baslimbus.info/identity/99
108001,이스마엘,LCB 수감자,∅,5,8,2.69,78,-1,-1,-1,0,-1,0,타격,분노,1,타격,탐식,1,타격,우울,1,0,0,3,방어,,1,0,0,1.3,0.7,0,0,3,0,0,2,1,0,0,취약,보통,내성,,,,,,3,1,,,,,,,,,,,,,,,,,,,,,,1,,,6,,,,,,,,분노,3,보유,합 진행 시 자신의 체력이 25% 미만이면 합 위력 +1,분노,6,보유,현재 체력이 가장 낮은 아군 1명 체력이 50% 미만이면 합 위력 +1,,https://baslimbus.info/identity/35
109002,로쟈,흑운회 와카슈,∅∅∅,2,5,2.96,86,2,2,2,2,2,2,참격,우울,1,참격,색욕,2,참격,오만,1,4,0,0,참격,오만,0,1.3,0,0,1,0.7,0,0,2,0,0,3,1,0,내성,보통,취약,,,20,,,,,,,,,,,,1,1,,,,,,,,,,,,,,,,,,,,,,,,색욕,4,보유,반격 시 자신의 호흡이 5 이상이면 스킬 3이 대신 발동,우울,5,보유,속도가 가장 낮은 아군 1명 참격 스킬의 피해량 +10%,,https://baslimbus.info/identity/57
109005,로쟈,장미스패너 공방 대표,∅∅∅,3,6,2.51,73,3,3,3,0,3,-1,타격,오만,2,관통,우울,2,타격,질투,3,0,2,5,방어,,0,0,0,0,1.3,1,0.7,0,0,0,0,2,3,1,내성,취약,보통,,,,,29,7,4,,,,,,,,,,,,,1,,,,,,,,,,,,,,,,,,,,오만,4,보유,"진동 폭발 시, 충전 횟수 3을 소모하여 진동 폭발의 흐트러짐 피해량 +40%. 진동 폭발 발동 시 다음 턴에 신속 1, 타격 피해량 증가 1 얻음",오만,4,보유,속도가 가장 낮은 아군 1명 진동 폭발로 입히는 흐트러짐 피해량 +20%,,https://baslimbus.info/identity/59
109007,로쟈,남부 디에치 협회 4과,∅∅∅,4,6,3.1,88,-1,1,2,5,0.2,5,타격,우울,3,타격,질투,4,타격,나태,4,0,0,11,방어,,0,0,1,0,0.6,0,1.4,0,0,0.9,0,1.9,0,3.3,보통,취약,내성,,,,,,,,,,,,,6,6,,,,,,,,1,,,10,,,,,,,,,,,,,,,우울,3,보유,"이번 턴 동안 받은 피해량에 비례해 다음 턴에 타격 피해량 증가를 얻음(보호막 피해 포함. 체력의 5% 당 1, 최대 5). 턴 종료 시 탐구한 지식이 3이면, 자신에게 부여된 부정적 효과 중 1개 제거",우울,5,보유,"최대 체력이 가장 높은 아군 1명 이번 턴 동안 받은 피해량에 비례해 다음 턴에 타격 피해량 증가를 얻음 (보호막 피해 포함. 체력의 5% 당 1, 최대 3)",,https://baslimbus.info/identity/61
109008,로쟈,남부 리우 협회 4과 부장,∅∅∅,3,7,2.74,79,2,2,2,2,2,0,타격,오만,2,관통,분노,3,관통,색욕,4,0,7,2,타격,분노,1.3,0.7,0,0,0,1,0,2,1,0,0,0,3,0,취약,내성,보통,22.5,6,,,,,,,,,,,,,,,,,,,,,,,,,,,,,,,,,,,,,,분노,3,공명,"대상의 화상 위력 6 당 피해량 +5%(최대 15%). 전투 시작 시 모든 적에게 화상이 6 이상 부여되어 있을 시, 아군 (최대 분노 완전 공명 수) 명에게 편성 순으로 분노 피해량 증가 1 부여",분노,6,보유,정신력이 가장 낮은 아군 1명 공격 적중 시 대상의 화상 위력 6 당 관통 피해량 +5% (최대 15%),,https://baslimbus.info/identity/91
109003,로쟈,LCCB 대리,∅∅,3,7,2.17,63,5,5,5,-2,5,-4,타격,오만,1,타격,탐식,2,타격,질투,2,0,0,5,방어,,0,0,0,1.3,0,1,0.7,0,0,0,2,0,3,1,보통,취약,내성,,,,,,,,,,,,,,,,,,,,,,,,,,,,,,12,,12,,,,,4,,,질투,3,공명,이번 턴에 수비 스킬을 사용한 적에게 입히는 피해량 +10%,질투,5,보유,현재 체력이 가장 높은 아군 1명 이번 턴에 수비 스킬을 사용한 적에게 입히는 피해량 +20%,,https://baslimbus.info/identity/56
109004,로쟈,N사 중간 망치,∅∅,3,7,2.39,69,3,3,3,3,3,0,관통,오만,2,타격,색욕,2,타격,분노,4,0,2,6,관통,분노,0.7,1.3,0,0,0,1,0,1,2,0,0,0,3,0,내성,보통,취약,,,9,,,,,,,,,,,,,,,,,,,,못,,,,,,,2,,,,,,,,,,분노,5,보유,"적이 사망하면 다음 턴 시작 시 신속 1, 피해량 증가 1 얻음. 자신이 적 처치 시 광신 1 얻음 (턴 당 1회)",분노,3,보유,"적이 사망하면 정신력이 가장 높은 아군 1명이 다음 턴에 신속 1, 피해량 증가 1 얻음 (턴 당 1회)",,https://baslimbus.info/identity/58
109006,로쟈,남부 츠바이 협회 5과,∅∅,2,4,3.05,88,-2,-2,-2,3,-2,3,타격,분노,2,타격,나태,2,타격,우울,3,0,0,7,방어,,1,0,1.3,0,0.7,0,0,3,0,2,0,1,0,0,취약,보통,내성,,,,,,,,,,,,,,,,1,,,,,,,,,,,,,1,,,,,,,,,,,분노,3,보유,전투 시작 시 호흡 횟수 1당 보호막 2를 얻음 (최대 20),분노,3,공명,전투 시작 시 현재 체력 비율이 가장 낮은 아군 1명이 자신의 호흡 횟수 1딩 보호막 1을 얻음 (최대 10),,https://baslimbus.info/identity/60
109009,로쟈,T사 2등급 징수직 직원,∅∅,4,7,2.96,86,1,1,1,2,1,-1,타격,질투,2,타격,분노,2,타격,나태,4,0,0,8,방어,,1.3,0,0.7,0,0,0,1,2,0,1,0,0,0,3,내성,취약,보통,,,,,8,9,,,,1,,,,,,,,,,,,,시간 유예,,,,1,,,,,,,,,,,,,나태,5,보유,"턴 종료 시 체력이 16% ~ 20% 사이로 남았을 때 전체 체력의 60%만큼 즉시 회복, 흐트러짐 상태 해제(전투 당 1회). 시간 유예를 보유한 대상과 합 진행 시 합 위력 +2, 시간 유예를 보유한 적에게 피해를 받을 때 받는 피해량 -10%",나태,3,공명,속도가 가장 빠른 아군 1명 진동이 5 이상 부여된 적과 합 진행 시 합 위력 +1,,https://baslimbus.info/identity/113
109001,로쟈,LCB 수감자,∅,2,5,2.69,78,0,0,0,0,0,0,참격,탐식,1,참격,오만,2,참격,분노,4,7,0,0,참격,분노,0.7,0,0,1,0,1.3,0,1,0,0,3,0,2,0,내성,취약,보통,,,14,,,,,,,,,,,,,,,,,,,,,,,,,,,,,,,,,,,,,분노,5,보유,공격 적중 시 50% 확률로 출혈 1 부여,분노,5,보유,현재 체력이 가장 높은 아군 1명 앞면 코인의 피해량 +20%,,https://baslimbus.info/identity/55
110002,싱클레어,검계 살수,∅∅∅,2,5,2.96,86,2,2,2,2,2,2,관통,탐식,2,참격,분노,3,참격,오만,1,4,2,0,관통,분노,1.3,0,0,1,0,0.7,0,2,0,0,3,0,1,0,내성,취약,보통,,,3,,,,,,,,,,,,1,1,,,,,,,,,,,,,,5,,,,,,,,,,오만,2,공명,연결한 죄 중 마지막 죄의 마지막 코인 피해량 +20%,오만,3,공명,속도가 가장 낮은 아군 1명 마지막 스킬의 위력 +1,,https://baslimbus.info/identity/71
110005,싱클레어,쥐어들 자,∅∅∅,3,8,2.73,79,4,5,5,2,4.5,-4,타격,우울,2,타격,색욕,4,타격,분노,3,0,0,9,방어,오만,0.7,1.3,0,0,1,0,0,1,2,0,0,3,0,0,취약,보통,내성,23,2,4,,,,,,,,,,,,,,,,,,,,,,,,,,,,,,,,,,,,,분노,2,보유,"합 승리, 적 처치 시 회복하는 정신력 50% 감소",분노,6,보유,정신력이 가장 낮은 아군 1명 타격 스킬 피해량 +10%. 해당 효과를 받는 대상의 정신력이 0 미만이면 정신력이 낮아질수록 타격 피해량 추가 증가 (최대 10%),,https://baslimbus.info/identity/72
110008,싱클레어,남부 섕크 협회 4과 부장,∅∅∅,4,8,2.73,79,2,2,2,3,2,0,관통,탐식,2,관통,오만,3,관통,색욕,3,0,8,0,회피,,0,0.7,0,1,0,1.3,0,0,1,0,3,0,2,0,취약,내성,보통,,,,,,,,,,,,,,,1,1,,,,,,,,,,,,,2,,,,,,,,,,,오만,5,보유,턴 종료 시 호흡 횟수 5 당 다음 턴 자신의 속도 최댓값 +2 (최대 6),오만,3,공명,속도가 가장 높은 아군 1명 회피 성공 시 다음 턴에 신속 1 얻음 (최대 5),,https://baslimbus.info/identity/75
110009,싱클레어,새벽 사무소 해결사,∅∅∅,3,7,2.28,66,2,2,4,5,2.3,0,참격,우울,1,참격,질투,3,참격,분노,1,5,0,0,방어,,0.7,0,0,0,1,0,1.3,1,0,0,0,3,0,2,내성,보통,취약,44,6,,,,,,,,,,,,,,,,,,,,,,2,,,,,,,,,,,,,,,,분노,5,보유,"스킬로 부여하는 화상 위력 +1(턴 당 최대 6회). 불안정 E.G.O 상태라면 (자신의 정신력/20)만큼 코인 위력 증가, 정신력 45일 경우 코인 위력 1 추가 증가",분노,3,공명,편성 순서가 가장 빠른 아군이 앞면 적중 시 화상 횟수 1 부여 (턴 당 최대 4회),턴 시작 시 정신력 40 이상이면 정신력 20을 소모하여 불안정 E.G.O::밀랍날개 상태로 전환(전투 당 1회). 또는 한 턴에 아군이 2명 이상 사망하면 턴 종료 시 정신력 -45가 아닐 경우 정신력을 20으로 변경하고 불안정 E.G.O::밀랍날개 상태로 전환. 턴 시작이 정신력이 0 이하라면 불안정 E.G.O::밀랍날개 상태 해제,https://baslimbus.info/identity/103
110003,싱클레어,남부 츠바이 협회 6과,∅∅,2,4,3.05,88,-2,-2,-2,5,-2,3,타격,우울,1,타격,분노,2,타격,나태,1,0,0,4,방어,,1.3,0,0.7,0,1,0,0,2,0,1,0,3,0,0,취약,보통,내성,,,,,18,,1,,,,,,,,,,,,,,,,,,,,,1,2,,,,,,,,,,4,우울,2,공명,"조작 패널에서 자신의 양 옆에 있는 아군에게 전투 시작 시 수비 위력 증가 2, 보호 1 부여",우울,4,보유,현재 체력이 가장 낮은 아군 1명 받는 피해량 -10%,,https://baslimbus.info/identity/69
110004,싱클레어,마리아치 보스,∅∅,2,3,3.26,95,-3,-3,-3,5,-3,3,타격,나태,2,타격,질투,3,타격,우울,1,0,0,6,회피,,0,0,1,0,0.7,0,1.3,0,0,3,0,1,0,2,취약,보통,내성,,,,,,,,,,,,,20,2,1,1,,,,,,,,,,,,,,,,,,,,,,,,우울,3,공명,회피 성공 시 (우울 공명 수×5)% 확률로 회피 스킬 위력만큼 흐트러짐 회복,우울,4,보유,정신력이 가장 높은 아군 1명 자신보다 정신력이 낮은 적 공격 시 피해량 +10%,,https://baslimbus.info/identity/70
110006,싱클레어,로보토미 E.G.O::홍적,∅∅,3,7,2.7,76,0,0,0,1,0,0,타격,탐식,1,타격,오만,3,타격,색욕,2,0,0,6,방어,,0,0.7,0,1,0,1.3,0,0,1,0,3,0,2,0,내성,보통,취약,,,,,,,,,,,6,1,,,,,,,,,,,부적,,,,,,,,,,,,,,,,,탐식,3,공명,공격 적중 시 대상에게 파열이 있으면 부적 1 얻음,탐식,4,공명,전투 시작 시 현재 체력이 가장 높은 아군 1명에게 (가장 높은 공명 수치×2)만큼 부적 부여,,https://baslimbus.info/identity/73
110007,싱클레어,어금니 보트 센터 해결사,∅∅,4,6,2.39,69,1,1,1,-2,1,-2,타격,우울,4,관통,질투,1,관통,탐식,2,0,3,4,방어,,0,0,0,0.7,1,0,1.3,0,0,0,1,3,0,2,취약,내성,보통,,,,,8,6,,,,1,,,,,,,,,,,,,,,,,,,,,,,,,,,,,,우울,4,보유,"자신의 진동 횟수가 10 이상일 때 앞면 적중 시, 코인 효과로 적에게 부여하는 진동과 진동 횟수 +1",우울,4,보유,"최대 체력이 가장 높은 아군 1명이 공격 스킬의 스킬, 코인 효과로 적에게 부여하는 진동 +1",,https://baslimbus.info/identity/74
110001,싱클레어,LCB 수감자,∅,3,7,2.07,60,3,3,3,3,3,-4,참격,오만,1,참격,분노,3,참격,질투,3,7,0,0,참격,오만,1.3,0,0,0,0,1,0.7,2,0,0,0,0,3,1,내성,취약,보통,,,,,,,,,,,6,,,,,,,,,,,,,,,,,,,,,,,,,,,,,오만,3,보유,아군이 사망하면 다음 턴에 공격 위력 증가 1을 얻음,오만,3,보유,정신력이 가장 낮은 아군 1명 다른 아군이 사망하면 다음 턴에 공격 위력 증가 1을 얻음,,https://baslimbus.info/identity/68
111004,오티스,남부 세븐 협회 6과 부장,∅∅∅,5,8,2.96,86,0,0,0,5,0,3,타격,탐식,1,참격,나태,2,타격,색욕,3,2,0,4,방어,,0,0.7,1.3,1,0,0,0,0,1,2,3,0,0,0,취약,보통,내성,,,,,,,,,,,,4,,,,,,,,,,,약점 분석,,,,,,,3,,,,,2,,8,,,탐식,3,공명,"상대의 약점, 취약 속성으로 공격할 때 피해량 +10%",탐식,4,보유,"속도가 가장 높은 아군 1명이 상대의 약점, 취약 속성으로 공격할 때 피해량 +10%",,https://baslimbus.info/identity/52
111005,오티스,어금니 사무소 해결사,∅∅∅,3,7,2.39,68,1,4,5,0,2.7,-3,참격,분노,1,타격,색욕,3,타격,나태,4,1,0,7,방어,,0.6,1.4,1,0,0,0,0,1.9,3.3,0.9,0,0,0,0,내성,취약,보통,,,,,8,3,5,,,1,,,,,,,,,,,,1,,,,,,,,,,,,,,,,,,나태,5,보유,적에게 진동 폭발 시 입히는 흐트러짐 손상의 30%만큼 나태 속성 피해를 입힘 (최대 20),나태,3,보유,진동 횟수가 가장 높은 아군 1명이 스킬 효과로 얻는 진동 횟수 +1,,https://baslimbus.info/identity/53
111007,오티스,로보토미 E.G.O::마탄,∅∅∅,3,7,2.28,66,3,3,5,-3,3.3,-3,타격,분노,2,타격,오만,2,관통,오만,1,0,1,4,방어,,1,0,0,0,0,2,0,3,0,0,0,0,3,0,보통,내성,취약,35,,,,,,,,,,,,,,,,,,,,,,흑염,,,,,,,,,,,,,,,,,오만,3,보유,"메인 공격 대상의 방어 레벨이 4 이상 감소된 경우, 공격 전 (메인 공격 대상의 화상/2)만큼 호흡을 얻음 (턴 당 최대 20)",오만,3,공명,정신력이 가장 높은 아군 1명 E.G.O 스킬 피해량 +10%,,https://baslimbus.info/identity/83
111008,오티스,워더링하이츠 치프 버틀러,∅∅∅,3,7,2.28,66,2,2,4,-3,2.3,-3,타격,오만,2,타격,우울,3,타격,색욕,4,0,0,9,회피,,0,0.7,0,0,1.3,1,0,0,1,0,0,2,3,0,보통,취약,내성,,,,,,,,,,,,,17.5,7,,,,,,,,,저택의 메아리,,,,,,,,,,,,,,,,,우울,3,공명,"저택의 메아리가 있는 대상에게 가하는 피해량 +15%. 정신력이 -25 미만인 대상과 합 진행 시 합 위력 +1, 피해량 +10%. 모든 코인이 남은 상태로 합 승리 시 정신력 10 회복, 정신력이 최대인 경우 다음 턴에 공격 레벨 증가 2 얻음(턴 당 2회)",우울,4,보유,정신력이 가장 높은 아군 1명 정신력이 -25 미만인 대상과 합 진행 시 합 위력 +1,"정신력이 자신보다 낮은 대상과 합 진행 시, 승리시 정신력 8 증가, 패배시 정신력 4 감소",https://baslimbus.info/identity/94
111010,오티스,W사 3등급 정리 요원 팀장,∅∅∅,3,7,2.32,70,0,0,0,0,0,0,타격,오만,2,타격,질투,2,참격,우울,4,4,0,4,방어,,0,0,0,0,0.7,1,1.3,0,0,0,0,1,3,2,내성,취약,보통,,,,,,,,,,,4,,,,,,,,1,1,28,,부하,,,,6,,,,,,,,,,,,,질투,3,보유,"전투 중 충전 횟수 누적 10 소모 시마다 충전 1 얻음. 턴 종료 시, 자신을 포함한 W사 직원 중 편성 순서가 늦은 순으로 (충전)명에게 다음 턴에 합 위력 증가 1 부여(최대 5명)",질투,4,공명,턴 시작 시 충전 횟수가 가장 높은 아군 1명 충전 횟수를 7 이상 소모한 스킬 피해량 +10% (턴 당 1회),,https://baslimbus.info/identity/115
111002,오티스,검계 살수,∅∅,2,5,2.82,82,1,1,1,1,1,0,참격,분노,1,관통,색욕,2,참격,오만,2,3,2,0,회피,,1,1.3,0,0,0,0.7,0,3,2,0,0,0,1,0,내성,취약,보통,,,,,,,,,,,,,,,1,1,,,,,,,,,,,,,,,,,,,,,,,,오만,2,공명,체력이 25% 미만인 적 공격 시 피해량 +20%,오만,4,보유,정신력이 가장 높은 아군 1명 체력이 25% 미만인 적 공격 시 피해량 +30%,,https://baslimbus.info/identity/51
111003,오티스,G사 부장,∅∅,4,8,2.6,76,-1,-1,-1,2,-1,2,관통,나태,1,타격,탐식,1,타격,우울,1,0,1,2,방어,,0,0,1,1.3,0.7,0,0,0,0,3,2,1,0,0,보통,내성,취약,,,,,,,,,,,,,5,,,,,,,,,,,,,,,6,,,4,,,,,,,4,,나태,2,공명,"다음 턴 시작 시, 자신과 이번 턴에 조작 패널에서 자신의 양 옆에 있는 아군에게 전투 시작 시 신속 2 부여",나태,4,보유,"현재 체력이 가장 높은 아군 1명 전투 시작 시 공격 위력 증가 1, 수비 위력 증가 1, 보호 1 중 무작위 하나를 얻음",,https://baslimbus.info/identity/50
111006,오티스,남부 섕크 협회 4과,∅∅,4,7,2.82,82,-1,-1,-1,5,-1,3,관통,오만,2,관통,우울,2,관통,색욕,1,0,5,0,회피,,0,0.7,0,0,1.3,1,0,0,1,0,0,2,3,0,취약,내성,보통,,,,,,,,,,,,,,,1,1,,,,,,,,,7,2,4,,,,,,,,,,,,,오만,3,보유,회피 성공 시 다음 턴에 신속 1 얻음 (최대 3),오만,3,공명,속도가 가장 높은 아군 1명의 속도가 모든 적보다 높으면 대상의 합 위력 +1,,https://baslimbus.info/identity/54
111009,오티스,약지 점묘파 스튜던트,∅∅,3,6,2.26,69,0,0,2,1,0.3,-2,관통,색욕,2,관통,분노,2,관통,탐식,2,0,6,0,방어,,1.3,1,0,0.7,0,0,0,2,3,0,1,0,0,0,보통,내성,취약,3,,12,6,3,,,,,,3,,3,,,,,,,,,,,,,2,,,,,,,,,,,,1,,색욕,4,보유,"전투 시작 시 부정적인 효과를 가장 적게 보유한 적 1명에게 화상, 출혈, 진동, 파열, 침잠 중 무작위 1개 효과 2 부여 (집중 전투인 경우, 부위로 판정)",색욕,4,보유,정신력이 가장 낮은 아군 출혈이 부여된 적 처치 시 정신력 4 회복. 대상이 보유한 부정적 효과 1개당 추가 1 회복(최대 4). (턴 당 발동 횟수 최대 3회),,https://baslimbus.info/identity/101
111001,오티스,LCB 수감자,∅,3,7,2.07,60,3,3,3,-3,3,-4,관통,나태,3,참격,오만,2,관통,우울,1,2,4,0,회피,,0,0,1,0,0.7,1.3,0,0,0,3,0,1,2,0,내성,보통,취약,,,,,,,,,,,6,,,,,,,,,,,,,,,,,,,,,,,,,,,,,나태,4,보유,대상의 정신력이 0 미만일 때 피해량 +10%,나태,5,보유,현재 체력이 가장 높은 아군 1명 정신력이 0 미만인 적 공격 시 피해량 +30%,,https://baslimbus.info/identity/49
112003,그레고르,G사 일등대리,∅∅∅,3,7,2.28,66,5,5,5,0,5,-2,참격,탐식,2,참격,나태,1,관통,색욕,4,3,4,0,방어,,0,0.7,1.3,1,0,0,0,0,1,2,3,0,0,0,보통,내성,취약,,,,,,,,,,,10,,,,,,,,,,,,,,,,,,,,,,,,,,,,,탐식,4,보유,체력이 25% 미만이면 합 승리 시 5%만큼 체력 회복,탐식,4,보유,현재 체력이 가장 낮은 아군 1명 합 승리 시 체력 5 회복,,https://baslimbus.info/identity/16
112006,그레고르,남부 츠바이 협회 4과,∅∅∅,4,8,3,90,0,0,0,5,0,5,참격,나태,2,참격,탐식,4,참격,우울,3,9,0,0,방어,,0,0,1,1.3,0.7,0,0,0,0,3,2,1,0,0,취약,보통,내성,,,,,,,,,,,,,,,,,,,,,,,보호막,,4,,,,,,10,,,,,30,,,,나태,5,보유,전투 시작 시 자신이 2개 이상의 스킬의 타겟이 되었다면 방어 레벨 증가 2 얻음. 전투 시작 시 자신의 체력이 50% 미만이면 방어 레벨 증가 3 얻음,나태,5,보유,최대 체력이 가장 높은 아군 1명이 2개 이상의 스킬의 타겟이 되었다면 방어 레벨 증가 3 얻음,,https://baslimbus.info/identity/19
112007,그레고르,쌍갈고리 해적단 부선장,∅∅∅,3,7,2.28,66,2,3,5,-3,2.8,-3,관통,나태,2,관통,오만,2,관통,우울,2,0,6,0,회피,,0,0,1,0,0.7,1.3,0,0,0,3,0,1,2,0,내성,보통,취약,,,26,2,,,,,,,,,,,1,1,,,,,,,탄환,,,,,,,,,,,,,,,,,오만,2,보유,"출혈이 부여된 대상에게 앞면 적중 시 부당 수익을 얻음(최대 4). 탄환을 소모하는 코인 적중 시 부당 수익을 전부 소모해 피해량의 (25×부당 수익)% 만큼 추가 피해. 탄환이 없는 경우, 크리티컬 적중 시 부당 수익을 전부 소모해 (5×부당 수익)% 만큼 추가 피해",오만,4,보유,호흡이 가장 높은 아군 1명 적 처치 시 다음 턴에 관통 피해량 증가 1 얻음 (턴 당 1회),,https://baslimbus.info/identity/20
112009,그레고르,에드가 가문 승계자,∅∅∅,3,8,2.28,66,5,5,5,-4,5,-4,참격,질투,1,참격,우울,2,참격,색욕,4,7,0,0,회피,,0,0.7,0,0,1.3,0,1,0,1,0,0,2,0,3,보통,취약,내성,,,,,,,,,,,,,12,14,,,,,,,,,,,,,,,,,,,,,,,,,,우울,3,공명,"전투 시작 시 이전 턴 시작 시와의 정신력 차이 5당 피해량 증가 1, 취약 1 얻음(최대 3). 대상의 침잠 위력 1 당 피해량 +1% (최대 20%)",우울,3,보유,"전투 시작 시 정신력이 가장 낮은 아군 1명 정신력 7 감소, 우울 피해량 증가 1 얻음",,https://baslimbus.info/identity/96
112002,그레고르,남부 리우 협회 6과,∅∅,3,7,2.17,63,5,5,5,-2,5,-4,타격,분노,2,타격,색욕,3,타격,나태,4,0,0,9,방어,,1,1.3,0.7,0,0,0,0,3,2,1,0,0,0,0,보통,취약,내성,22,,,,,,,,,,,,,,,,,,,,,,,,,,,,,,,,,,,,,,,나태,3,보유,스킬의 3번째 코인부터 적중 시 화상 1 부여,나태,5,보유,속도가 가장 낮은 아군 1명 3번째 코인 이후부터 피해량 +30%,,https://baslimbus.info/identity/15
112004,그레고르,료.고.파. 조수,∅∅,3,7,2.7,76,1,0,3,2,1,0,타격,색욕,2,참격,탐식,1,참격,질투,4,5,0,2,방어,,0,1,0,1.3,0,0,0.7,0,3,0,2,0,0,1,내성,취약,보통,,,4,4,,,,,,,,,,,,,,,,,,,,,,,4,,,8,,,,,,,,,,색욕,4,보유,전투 시작 시 자신의 체력 8 회복,색욕,5,보유,체력이 가장 낮은 아군 1명이 전투 시작 시 체력 5 회복. 료.고.파. 주방장 료슈의 전투 패시브 체력 회복량 +5,,https://baslimbus.info/identity/17
112005,그레고르,장미스패너 공방 해결사,∅∅,4,6,2.39,69,1,1,1,-1,1,-2,참격,탐식,2,관통,질투,1,참격,우울,3,5,1,0,방어,,0,0,0,1,0.7,0,1.3,0,0,0,3,1,0,2,내성,취약,보통,,,,,,4,1,,,,8,6,,,,,,,,1,,,,,,,,,,,,,,,,,,,,탐식,4,보유,진동이 있는 대상에게 부여하는 파열 +1,탐식,4,보유,속도가 가장 낮은 아군 1명이 진동이 있는 대상에게 부여하는 파열 +1,,https://baslimbus.info/identity/18
112008,그레고르,흑운회 부조장,∅∅,4,6,2.6,76,1,2,2,1,1.5,1,참격,나태,1,타격,색욕,2,참격,우울,3,4,0,2,방어,,0,1.3,1,0,0.7,0,0,0,2,3,0,1,0,0,보통,내성,취약,,,7,3,,,,,,,,,,,,,,,,,,,,,,,,,,,,2,1,,6,,,,,색욕,4,보유,합 승리 시 출혈 1 부여 (턴 당 3회),색욕,4,보유,속도가 가장 낮은 아군 1명 출혈이 10 이상 부여된 적에게 공격 적중 시 다음 턴에 공격 레벨 감소 1 부여 (턴 당 3회),,https://baslimbus.info/identity/90
112001,그레고르,LCB 수감자,∅,3,7,2.48,72,-1,-1,-1,0,-1,0,참격,우울,1,관통,탐식,1,관통,나태,2,1,3,0,방어,,0,0,0.7,1.3,1,0,0,0,0,1,2,3,0,0,보통,내성,취약,,,,,,,,,,,12,2,,,,,,,,,,,,,,,,,2,,,,,,,,,,,우울,3,보유,전투 시작 시 자신의 체력 5 회복,우울,3,보유,현재 체력이 가장 낮은 아군 1명 전투 시작 시 체력 5 회복,,https://baslimbus.info/identity/14
101010,이상,로보토미 E.G.O:: 엄숙한 애도,∅∅∅,3,8,2.28,66,2,2,5,1,2.5,2,관통,오만,2,관통,우울,2,관통,나태,4,0,8,0,방어,,0,0,0.7,0,1.3,1,0,0,0,1,0,2,3,0,보통,내성,취약,,,,,,,,,,,,,,11,,,,,,,,,"탄환, 나비",,,,,,,,,,,,,,,,,우울,3,공명,산나비·죽은나비를 얻으면 다음 턴에 신속 2 얻음 (턴 당 1회),우울,6,보유,아군 스킬 적중 시 대상의 침잠을 2 소모해 나비 1 부여 (턴 당 3회),"전투 시작 시 산나비·죽은나비를 각 10씩 보유. 산나비·죽은나비 소모 시 산나비와 죽은나비를 무작위로 소모, 소모한 산나비·죽은나비에 따라 나비 부여. 스킬 사용 중 산나비·죽은나비가 부족하면 다음 코인을 모두 취소하고 재장전. 산나비·죽은나비를 얻을 때 현재 정신력에 따름. 정신력이 0 이상이면 30% 확률, 0 미만이면 70% 확률로 산나비를 얻음.",https://baslimbus.info/identity/120
104010,료슈,로보토미 E.G.O:: 적안·참회,∅∅∅,3,7,2.34,69,1,2,3,1,1.6,0,타격,질투,2,타격,우울,3,타격,색욕,3,0,0,8,타격,색욕,0,0.7,0,0,1.3,0,1,0,1,0,0,2,0,3,보통,취약,내성,,,12,,,,,,,,,,,,,,,,,1,,,"체력 회복, 정신력 회복",,,,3,,,,,2,,,,,,,,색욕+우울,6,보유,"적안을 얻는 코인이 적에게 적중 시, 피해량이 (적안/2)% 증가, 대상에게 출혈이 있으면 적안 1 얻음(턴 당 최대 3). 참회를 얻는 코인이 적에게 적중 시, 피해량이 (참회/2)% 증가, 자신의 정신력이 20 이상이면 참회 1 얻음(턴 당 최대 3)",질투,3,공명,"전투 시작 시, 체력 비율이 가장 낮은 아군 1명 체력 3 회복, 정신력이 가장 낮은 아군 1명 정신력 3 회복",,https://baslimbus.info/identity/119
109010,로쟈,북부 제뱌찌 협회 3과,∅∅∅,4,7,2.88,81,2,2,4,3,2.4,2,참격,색욕,2,참격,분노,3,참격,탐식,3,8,0,0,참격,탐식,1.3,1,0,0.7,0,0,0,2,3,0,1,0,0,0,보통,내성,취약,,,,,,,,,,,6,3,,,,,,,,,,,"전략적 휴식 복지 모드, 파열 횟수 유지",,,,,,,,,,,,,,8,,,탐식,4,보유,"턴 시작 시 속도 6 이상 또는 신속 보유 시, 자신의 최대 체력의 (딜리버리 캐리어/2)%만큼 보호막을 얻음(최대 15%). 퇴각 시 다음 턴에 아군 둘에게 합 위력 증가 1 부여.",탐식,6,보유,속도가 가장 높은 아군 1명 파열 위력/횟수를 부여하는 스킬의 합 위력 +1,"전략적 휴식 복지 모드' 발동으로 퇴각한 뒤 다시 전투 참여 시, 딜리버리 캐리어가 절반으로 감소 (전투 당 1회)",https://baslimbus.info/identity/121
108010,이스마엘,서부 츠바이 협회 3과,∅∅∅,4,6,3.21,93,0,1,2,5,0.7,5,타격,오만,2,타격,질투,3,타격,탐식,3,0,0,8,방어,,0,0,0,0.7,0,1,1.3,0,0,0,1,0,3,2,보통,취약,내성,,,,,26,6,2,,,1,,,,,,,,,,,,,방어 태세,,23,,,,,,,2,,,,,,,,오만,5,보유,전투 시작 시 자신의 진동 횟수만큼 방어 레벨 증가를 얻음 (최대 5),오만,3,보유,전투 시작 시 이전 턴에 비해 체력 비율이 가장 많이 감소한 인격에게 방어 레벨 증가 2 부여,,https://baslimbus.info/identity/122
105011,뫼르소,서부 섕크 협회 3과,∅∅∅,4,7,2.39,69,2,2,3,2,2.2,2,관통,오만,2,관통,탐식,3,관통,우울,3,0,8,0,회피,,0,0,0,1.3,0.7,1,0,0,0,0,2,1,3,0,보통,내성,취약,,,,,,,,,,,11,4,,,1,1,,,,,,,파열 횟수 유지,,,,,,,,,,,,,,,,,탐식+오만,4,보유,"턴 종료 시 자신의 호흡 위력 3 마다 다음 턴에 신속 1 얻음(최대 2). 기본 스킬로 공격 적중 시, 다음 턴에 집중 공격 - 뫼르소 부여(스킬 당 1회).",오만,3,공명,속도가 가장 높은 아군 1명 합 승리 시 다음 턴에 신속 1 얻음 (턴 당 최대 2회),,https://baslimbus.info/identity/123
110010,싱클레어,서부 츠바이 협회 3과,∅∅,3,7,2.96,86,0,1,2,0,0.7,4,참격,색욕,2,참격,우울,2,타격,나태,3,4,0,3,방어,,0,1,0.7,0,1.3,0,0,0,3,1,0,2,0,0,보통,취약,내성,,,,,,14,1.5,,,1,,,,,,,,,,,,,,,17.5,,,,,,,,,6,,7,,,,나태,5,보유,전투 시작 시 자신의 진동 횟수만큼 방어 레벨 증가를 얻음 (최대 5),나태,4,보유,"턴 종료 시 체력 비율이 가장 낮은 아군 1명에게 다음 턴에 신속 1, 방어 레벨 증가 3 부여",,https://baslimbus.info/identity/124
111011,오티스,라만차랜드 이발사,∅∅∅,3,7,2.23,73,1,3,5,0,2,0,참격,탐식,2,참격,색욕,3,참격,분노,4,9,0,0,참격,탐식,0.7,1.3,0,1,0,0,0,1,2,0,3,0,0,0,내성,보통,취약,,,21,6.5,,,,,,,,,,,,,,,,,,,"혈찬, 재봉 대상",1,,,,,,,,,,,,,,,,색욕,3,공명,적중 시 자신의 누적 소모 혈찬 10 당 피해량 +1% (최대 20%),색욕,5,보유,"속도가 가장 높은 아군 1명이 공격 종료 시 적이 사망했다면, 체력 10 회복(턴 당 최대 2회), 다음 턴 동안 스킬/코인 효과로 출혈 위력 부여 시 출혈 횟수 1 증가(턴 당 최대 3회).",,https://baslimbus.info/identity/125
106010,홍루,송곳니 사냥 사무소 해결사,∅∅,3,6,2.51,73,1,2,3,0,1.7,0,타격,탐식,2,타격,오만,2,타격,분노,3,0,0,7,방어,,0.7,0,0,1,0,1.3,0,1,0,0,3,0,2,0,취약,내성,보통,,,,,,,,,,,13,5,,,,,,,,,,,"파열 횟수 유지, 체력 회복 감소",,,,,,,,,,,,,,,,,탐식,4,보유,대상이 혈귀/피주머니면 피해량 +10%. 스킬 사용 시 자신에게 출혈이 있으면 공격 적중 시 파열 3 부여(턴 당 1회),탐식,5,보유,"전투 시작 시 출혈 위력과 횟수의 합이 가장 높은 아군 1명 출혈 횟수 2 감소. 속도가 가장 높은 아군 1명 파열이 있는 적에게 공격 적중 시, 방어 레벨 감소 1 부여(턴 당 최대 2회)",,https://baslimbus.info/identity/126
112010,그레고르,라만차랜드 신부,∅∅∅,4,6,3.41,108,1,1,3,5,1.3,5,타격,탐식,2,타격,오만,2,타격,색욕,3,0,0,7,방어,,0,0.7,0,1,0,1.3,0,0,1,0,3,0,2,0,보통,취약,내성,,,4,5,,,,,,,6,1,,,,,,,,,,,혈찬,,15,,,,,,,,,,,,,,,색욕,5,보유,"턴 종료 시 가장 정신력이 낮은 아군의 정신력 (10-자신의 닳아버린 마음)/2만큼 회복. 이번 전투에서 체력이 0이 되는 피해를 받았을 때, 해당 피해를 무시하고 해당 턴 동안 체력이 1로 유지(전투 당 1회).",색욕,3,공명,현재 체력 비율이 가장 낮은 아군 공격 적중 시 체력 3 회복 (턴 당 3회),,https://baslimbus.info/identity/127
109011,로쟈,라만차랜드 공주,∅∅∅,4,7,2.73,79,1,2,3,2,1.7,3,관통,오만,2,관통,질투,3,관통,색욕,3,0,8,0,관통,색욕,0,0.7,0,0,0,1,1.3,0,1,0,0,0,3,2,취약,내성,보통,,,10,5.5,,,,,,,9,5,,,,,,,,,,,"혈찬, 피어나는 가시",2,,,,,,,4,,,,,,,,,색욕+질투,5,보유,"자신을 제외한 아군이 출혈 피해를 받거나 혈찬 소모 시, 자신이 피어나는 가시 1 얻음(턴 당 최대 3회). 자신이 기본 스킬로 가한 피해량의 20% 만큼 체력 회복(스킬 당 최대 10)",색욕+질투,6,보유,턴 종료 시 출혈 위력이 가장 높은 아군 1명의 출혈 위력을 최대 6 감소시키고 (감소한 출혈 위력/2)만큼 피어나는 가시 부여,,https://baslimbus.info/identity/128
110011,싱클레어,북부 제뱌찌 협회 3과,∅∅∅,3,7,2.39,73,2,3,5,3,2.9,-2,타격,색욕,2,타격,탐식,3,타격,분노,3,0,0,8,타격,탐식,0.7,1,0,1.3,0,0,0,1,3,0,2,0,0,0,취약,보통,내성,,,,,,,,,,,15,16,,,,,,,,,,,전략적 휴식 복지 모드,,,,,,,,,,,,,,24,,,탐식,4,보유,"턴 시작 시 속도 6 이상 또는 신속 보유 시, 자신의 최대 체력의 (딜리버리 캐리어)%만큼 보호막을 얻음 (최대 20%)",탐식,6,보유,속도가 가장 높은 아군 1명 파열이 부여된 적에게 공격 적중 시 방어 레벨 감소 1 부여 (턴 당 1명당 최대 3),"전략적 휴식 복지 모드' 발동으로 퇴각한 뒤 다시 전투 참여 시, 딜리버리 캐리어가 절반으로 감소 (전투 당 1회)",https://baslimbus.info/identity/129
103010,돈키호테,라만차랜드 실장,∅∅∅,4,7,2.17,63,3,3,5,3,3.3,0,관통,나태,2,관통,분노,2,관통,색욕,3,0,7,0,관통,색욕,1.3,0.7,1,0,0,0,0,2,1,3,0,0,0,0,취약,내성,보통,,,62,7.5,,,,,,,,,,,,,,,,,,,"혈찬, 일렁임[혈귀]",4,,,,,,,,,,,,,,,,색욕,4,보유,"공격 종료 시 적이 사망했다면 대상의 최대 체력의 10%만큼 혈찬 생성(턴 당 최대 100). 턴 종료 시 잃은 체력 15% 당 다음 턴에 피해량 증가 1 얻음(최대 3). 전투 중 아군이 출혈 피해로 사망하려 할 때, 해당 턴 동안 출혈 피해로는 사망하지 않음(전투 당 인격 1명 당 1회)",색욕,3,공명,"전투 시작 시 체력이 가장 적은 아군이 잃은 체력 20% 당 피해량 증가 1 얻음, 대상이 <혈귀>면 대신 잃은 체력 15% 당 피해량 증가 1 얻음 (최대 3)","혈찬 소모 시 <라만차랜드> 소속 중 자신과 같은 권속이 있으면 자신이 혈찬 소모 우선권을 가짐. 턴 시작 시 경혈이 15 이상이고 각 <라만차랜드> 소속 인격이 전투에 참가 중이거나 사망했으면, 가장 왼쪽 슬롯의 스킬이 강화됨. 자신을 제외한 아군이 출혈 피해를 받거나 혈찬 소모 시, 경혈 2 얻음(턴 당 3회). 전투 동안 자신을 제외한 <라만차랜드> 소속 아군 사망 시, 기본 공격 스킬로 얻는 경혈 1 증가, 3명 이상 사망 시 경혈 2가 추가로 증가하고 턴 시작 시 책임감 1 얻음",https://baslimbus.info/identity/130
106011,홍루,마침표 사무소 대표,∅∅∅,3,7,2.4,70,1,2,3,0,1.7,0,관통,나태,3,관통,우울,3,관통,오만,3,0,9,0,회피,,0,0,1,0,1.3,0.7,0,0,0,3,0,2,1,0,보통,내성,취약,,,,,,,,,,,,,,,1,1,,,,,,,"탄환, 흐트러짐 손상",,,,3,,1,,,2,,,,,,,,오만,5,보유,"마침표 사무소 해결사 히스클리프가 후방 지원 배치 상태/대기 인원 편성 시 스킬 2,3 강화",오만,5,보유,탄환을 가장 많이 보유한 아군이 탄환을 소모하는 스킬로 가하는 피해량 +10%,"탄환을 소모하는 코인을 굴릴 때, 탄환이 없어도 적중 시 효과를 부여하지 않는 대신 공격이 취소되지 않음",https://baslimbus.info/identity/132
107011,히스클리프,마침표 사무소 해결사,∅∅∅,3,8,2.3,70,1,2,4,3,1.8,-1,관통,우울,3,관통,질투,1,관통,오만,1,0,5,0,회피,,0,0,0,0,1,0.7,1.3,0,0,0,0,3,1,2,보통,내성,취약,,,,,,,,,,,,,,,1,1,,,,,,,탄환,,,,,,4,,,,,,,,,,,오만,2,공명,"턴 종료 시 자신의 호흡 10 당 다음 턴에 신속 1 얻음(최대 2). 턴 종료 시 이번 턴에 자신이 공격 스킬을 사용하지 않았으면(타겟 포착 제외), 다음 턴에 호흡 10, 관통 위력 증가 1 얻음",오만,5,보유,"탄환을 가장 적게 보유한 아군 1명 탄환을 소모하는 스킬 사용 시, 호흡 횟수 2 증가 (대상이 마침표 사무소 인격이거나 호흡 횟수 5 미만인 경우 대신 4 증가. 턴 당 1회)","스테이지 시작 시 관통 위력 증가 3 얻음. 턴 종료 시 자신의 모든 탄환이 0이면 후방 지원 배치(전투 당 1회). 대기 해제/후방 지원 배치 후 재참전 시 집중[저격]이 최대가 되고, 관통 위력 증가를 3 얻고, 재장전(탄환 - 로직 아틀리에 제외, 전투 당 1회)",https://baslimbus.info/identity/131
102011,파우스트,LCE E.G.O:: 홍염살,∅∅∅,3,7,2.28,66,1,3,5,-2,2.3,-1,타격,나태,2,타격,오만,3,타격,분노,3,0,0,8,회피,,0.7,0,1,0,0,1.3,0,1,0,3,0,0,2,0,보통,취약,내성,25,,,,,,,,,,,,,,,,,,,,,,,2,,,,,,,,,,,,,,,,분노,3,보유,"전투 시작 시 잃은 체력이 80% 이상이고 화상이 30 미만이면 화상을 30까지 얻음(스테이지 당 1회). 턴 종료 시 자신의 화상 6 당, 다음 턴에 공격 레벨 증가 1 얻음(최대 5). 사망 시 모든 적에게 화상 2 부여 후 자신의 화상을 나누어 부여하고(1명당 최대 3), 가장 부족한 속성의 E.G.O 자원 2종 2개씩 획득. 홍염살 최대 감응 [열화침식] 스킬로 사망한 경우 효과가 강화되어, 모든 적에게 화상 3 부여 후 자신을 화상을 나누어 부여하고(1명당 최대 5), 가장 부족한 속성의 E.G.O 자원 2종 2개씩 획득, 자신의 화상이 30 이상이었을 경우 대기 해제되는 인원 1명에게 공격 레벨 증가 3 부여.",분노,3,공명,"정신력이 가장 낮은 아군 1명 기본 스킬의 적중 시 효과로 화상 부여 시 화상 2 추가 부여, 피격 대상의 화상이 30 이상인 경우 대신 화상 횟수 1 부여. (최대 3회)",화상 피해로 흐트러지거나 사망하지 않음,https://www.baslimbus.info/identity/134
101011,이상,LCE E.G.O:: 초롱,∅∅∅,4,6,2.51,73,0,1,5,5,1.7,0,타격,나태,2,관통,질투,1,타격,탐식,3,0,1,5,타격,탐식,0,0,1,0.7,0,0,1.3,0,0,3,1,0,0,2,취약,보통,내성,,,,,,,,,,,14,9,,,,,,,,,,,미끼 요정,,24,,1,,,,,,,,,,,,,탐식,3,보유,"사망 시 자신을 가장 마지막으로 공격한 대상에게 파열 4, 횟수 2를 부여하고, 가장 부족한 속성의 E.G.O 자원 4종을 2개씩 얻음 (공격자가 없거나 아군에게 사망한 경우 현재 파열 횟수가 가장 적은 적에게 파열 부여)",탐식,5,보유,현재 체력이 가장 낮은 아군 1명 사망 시 가장 부족한 속성의 E.G.O 자원 2종을 2개씩 얻음,"합 횟수에 비례하여 합 패배 시 정신력 증가, 합 승리 시 정신력 감소",https://www.baslimbus.info/identity/133
108011,이스마엘,흑운회 부조장,∅∅∅,4,6,2.28,93,2,3,5,1,2.8,3,참격,질투,2,참격,오만,2,참격,색욕,3,7,0,0,회피,,0,0.7,0,0,0,1.3,1,0,1,0,0,0,2,3,내성,보통,취약,,,16,6,,,,,,,,,,,,,,,,,,,출혈 즉발,,,,,,2,,,,,,3,,,30,,색욕,3,공명,전투 시작 시 자신을 포함해 전투에 참여한 아군 흑운회 소속 인격이 2명 이상이면 흑운도 1 얻음. 전투 시작 시 조작 패널에서 자신의 양 옆 흑운회 소속 인격에게 검은 구름 1 부여,색욕,3,공명,속도가 가장 높은 아군 1명 적에게 부여하는 출혈 +1,"흑운회 소속 아군이 사망하면 이번 전투 동안 참격 위력 증가 1 얻음, 3명 이상 사망한 경우 임전을 추가로 얻음",https://baslimbus.info/identity/136
107012,히스클리프,흑운회 와카슈,∅∅∅,3,7,3.19,70,2,3,5,4,3,3,참격,분노,2,참격,오만,2,참격,색욕,3,7,0,0,참격,색욕,1,0.7,0,0,0,1.3,0,3,1,0,0,0,2,0,내성,보통,취약,,,21,4,,,,,,,,,,,,,,,,,,,,,,,,,3,,,2,,,3,,,,,색욕,3,공명,전투 시작 시 자신을 포함해 전투에 참여한 아군 흑운회 소속 인격이 2명 이상이면 흑운도 1 얻음. 이번 턴에 수비 스킬을 사용한 적 또는 공격 시작 전에 최대 체력인 적에게 입히는 피해량 +10%. 이번 턴에 적이 자신을 제외한 아군을 스킬로 공격해 피해를 입힌 경우 스킬 1로 공격자 일방 공격(턴 당 1회),색욕,5,보유,"속도가 가장 높은 아군 1명 이번 턴에 수비 스킬을 사용했거나, 공격 시작 전에 최대 체력인 적에게 가하는 피해량 +10%","흑운회 소속 아군이 사망하면 이번 전투 동안 참격 위력 증가 1 얻음, 3명 이상 사망한 경우 임전을 추가로 얻음",https://baslimbus.info/identity/135
101012,이상,남부 리우 협회 3과,∅∅∅,4,6,2.73,66,2,3,4,0,2.3,2,참격,나태,2,참격,분노,3,참격,질투,4,9,0,0,참격,분노,1.3,0,1,0,0,0,0.7,2,0,3,0,0,0,1,내성,보통,취약,20,4,,,,,,,,,,,,,,,,,,,,,정신력 회복,,,,,,,,,,,,,,,,,분노,4,보유,"턴 종료 시 현재 정신력이 가장 낮은 아군 1명의 정신력 5+(최대 공명 수) 만큼 회복(최대 10, 자신 제외), 회복 대상이 화상 위력/횟수를 부여하는 기본 스킬 보유 시 정신력 5 추가 회복",분노,3,공명,정신력이 가장 낮은 아군 2명이 이번 턴에 정신력이 감소한 경우 턴 종료 시 정신력 5 회복,,https://baslimbus.info/identity/137